Order ID, Amount , Profit ,Quantity,Category,Sub-Category,PaymentMode,Order Date,Day,Month,Year,CustomerName,State,City
B-26035," $2,404.00 ", $253.00 ,15,Electronics,Laptops,COD,31-12-2021,31,12,2021,Megan Mack,Texas,Austin
B-26035," $1,281.00 ", $340.00 ,3,Electronics,Electronic Games,Debit Card,31-12-2021,31,12,2021,Megan Mack,Texas,Austin
B-25715," $6,089.00 ", $139.00 ,19,Furniture,Tables,Debit Card,31-12-2020,31,12,2020,Alicia Vincent,Ohio,Cincinnati
B-25715," $2,586.00 ", $800.00 ,16,Furniture,Tables,UPI,31-12-2020,31,12,2020,Alicia Vincent,Ohio,Cincinnati
B-25715," $3,757.00 "," $1,626.00 ",9,Office Supplies,Paper,UPI,31-12-2020,31,12,2020,Alicia Vincent,Ohio,Cincinnati
B-25292," $3,189.00 "," $1,180.00 ",19,Office Supplies,Paper,Credit Card,31-12-2021,31,12,2021,Michelle Guerra,New York,New York City
B-25051," $7,201.00 "," $2,685.00 ",2,Furniture,Tables,Credit Card,30-12-2024,30,12,2024,Lawrence Robinson,New York,Rochester
B-25051, $725.00 , $133.00 ,6,Office Supplies,Paper,Credit Card,30-12-2024,30,12,2024,Lawrence Robinson,New York,Rochester
B-26961," $5,193.00 "," $2,530.00 ",5,Furniture,Sofas,Debit Card,29-12-2024,29,12,2024,Nicholas Tucker,Florida,Miami
B-25517," $4,495.00 "," $1,408.00 ",14,Office Supplies,Pens,EMI,29-12-2021,29,12,2021,Tamara Guzman,New York,Buffalo
B-25517," $6,732.00 ", $911.00 ,19,Furniture,Bookcases,EMI,29-12-2021,29,12,2021,Tamara Guzman,New York,Buffalo
B-26495," $3,451.00 ", $658.00 ,3,Office Supplies,Markers,UPI,28-12-2024,28,12,2024,Patricia Davis,Illinois,Chicago
B-26443," $9,869.00 "," $4,299.00 ",12,Electronics,Printers,Debit Card,28-12-2023,28,12,2023,Joseph Hooper,New York,Buffalo
B-26409," $3,024.00 "," $1,353.00 ",1,Furniture,Sofas,Credit Card,28-12-2021,28,12,2021,John James,Ohio,Columbus
B-26034," $9,229.00 "," $4,090.00 ",8,Electronics,Electronic Games,COD,28-12-2023,28,12,2023,Aaron Johnson,New York,Rochester
B-26034," $9,789.00 "," $2,071.00 ",18,Furniture,Bookcases,Debit Card,28-12-2023,28,12,2023,Aaron Johnson,New York,Rochester
B-25698," $3,776.00 "," $1,100.00 ",9,Electronics,Electronic Games,EMI,28-12-2022,28,12,2022,Thomas Matthews,Illinois,Peoria
B-26938," $3,281.00 ", $471.00 ,7,Furniture,Sofas,EMI,27-12-2023,27,12,2023,Erin Hernandez,California,Los Angeles
B-26912," $8,752.00 "," $1,686.00 ",9,Furniture,Tables,Debit Card,27-12-2020,27,12,2020,Patrick Hensley MD,Ohio,Cincinnati
B-26797," $2,759.00 "," $1,149.00 ",6,Furniture,Tables,Credit Card,27-12-2024,27,12,2024,Caitlin Thomas,New York,New York City
B-26776," $4,975.00 "," $1,330.00 ",14,Electronics,Printers,UPI,27-12-2024,27,12,2024,Connor Morgan,Illinois,Chicago
B-26776," $9,726.00 "," $1,275.00 ",5,Electronics,Electronic Games,UPI,27-12-2024,27,12,2024,Connor Morgan,Illinois,Chicago
B-26470," $3,090.00 ", $573.00 ,6,Furniture,Tables,EMI,27-12-2024,27,12,2024,Morgan Montes,California,San Diego
B-26470," $9,683.00 "," $1,014.00 ",5,Electronics,Printers,UPI,27-12-2024,27,12,2024,Morgan Montes,California,San Diego
B-25842," $1,248.00 ", $584.00 ,13,Office Supplies,Pens,EMI,27-12-2022,27,12,2022,Luis Luna,California,San Francisco
B-25842, $514.00 , $109.00 ,15,Office Supplies,Paper,Debit Card,27-12-2022,27,12,2022,Luis Luna,California,San Francisco
B-25842," $3,669.00 ", $154.00 ,14,Office Supplies,Markers,EMI,27-12-2022,27,12,2022,Luis Luna,California,San Francisco
B-25232," $7,792.00 "," $1,403.00 ",13,Office Supplies,Paper,UPI,27-12-2022,27,12,2022,Stephanie Thomas,New York,Rochester
B-25232," $2,346.00 ", $388.00 ,14,Furniture,Chairs,Debit Card,27-12-2022,27,12,2022,Stephanie Thomas,New York,Rochester
B-26119," $3,956.00 ", $142.00 ,12,Office Supplies,Pens,Debit Card,26-12-2024,26,12,2024,Michelle Hardy,Texas,Dallas
B-26119," $6,449.00 "," $2,628.00 ",11,Furniture,Bookcases,EMI,26-12-2024,26,12,2024,Michelle Hardy,Texas,Dallas
B-25868," $2,944.00 ", $249.00 ,5,Office Supplies,Binders,Credit Card,26-12-2022,26,12,2022,Victoria Duran,Texas,Dallas
B-26367," $7,105.00 "," $2,782.00 ",19,Office Supplies,Pens,COD,25-12-2021,25,12,2021,Richard Gardner,Ohio,Columbus
B-25990," $1,091.00 ", $277.00 ,6,Office Supplies,Paper,COD,25-12-2022,25,12,2022,Mark Dixon,Ohio,Cincinnati
B-25990," $6,967.00 "," $3,257.00 ",17,Furniture,Bookcases,COD,25-12-2022,25,12,2022,Mark Dixon,Ohio,Cincinnati
B-25990," $6,027.00 "," $1,530.00 ",2,Office Supplies,Binders,Credit Card,25-12-2022,25,12,2022,Mark Dixon,Ohio,Cincinnati
B-25591," $7,346.00 "," $1,043.00 ",10,Furniture,Sofas,Credit Card,25-12-2022,25,12,2022,Randy Johnson,Ohio,Columbus
B-25591," $7,179.00 ", $683.00 ,13,Electronics,Laptops,Credit Card,25-12-2022,25,12,2022,Randy Johnson,Ohio,Columbus
B-25591," $9,770.00 "," $4,132.00 ",7,Electronics,Electronic Games,UPI,25-12-2022,25,12,2022,Randy Johnson,Ohio,Columbus
B-26032," $6,218.00 "," $1,125.00 ",5,Furniture,Tables,Debit Card,24-12-2023,24,12,2023,Anna Ferguson,California,San Francisco
B-26032," $2,799.00 "," $1,239.00 ",5,Furniture,Sofas,Debit Card,24-12-2023,24,12,2023,Anna Ferguson,California,San Francisco
B-26032," $5,167.00 ", $253.00 ,14,Electronics,Printers,Credit Card,24-12-2023,24,12,2023,Anna Ferguson,California,San Francisco
B-26032," $8,346.00 "," $1,176.00 ",1,Electronics,Phones,COD,24-12-2023,24,12,2023,Anna Ferguson,California,San Francisco
B-25436," $8,044.00 "," $3,634.00 ",3,Office Supplies,Markers,COD,24-12-2020,24,12,2020,Andre Fernandez,Florida,Orlando
B-25222," $4,852.00 ", $218.00 ,2,Furniture,Tables,EMI,24-12-2021,24,12,2021,Cynthia Meyer,Florida,Tampa
B-25996, $714.00 , $232.00 ,14,Furniture,Tables,UPI,23-12-2020,23,12,2020,Jennifer Clark,Texas,Austin
B-25465, $717.00 , $158.00 ,16,Furniture,Tables,Credit Card,23-12-2022,23,12,2022,Stephanie Leonard,New York,Buffalo
B-25465, $508.00 , $177.00 ,17,Furniture,Sofas,UPI,23-12-2022,23,12,2022,Stephanie Leonard,New York,Buffalo
B-25410," $1,954.00 ", $294.00 ,7,Furniture,Sofas,Debit Card,23-12-2022,23,12,2022,Jessica Baker,Texas,Austin
B-25148," $1,067.00 ", $251.00 ,14,Furniture,Sofas,EMI,23-12-2022,23,12,2022,William Morse,New York,Rochester
B-25148," $8,141.00 "," $3,968.00 ",18,Office Supplies,Markers,Debit Card,23-12-2022,23,12,2022,William Morse,New York,Rochester
B-25236," $5,518.00 ", $867.00 ,7,Furniture,Sofas,UPI,22-12-2022,22,12,2022,Vanessa Smith,Texas,Houston
B-25099," $4,492.00 "," $1,450.00 ",7,Furniture,Tables,EMI,22-12-2021,22,12,2021,William Valdez,California,San Diego
B-25099, $975.00 , $224.00 ,18,Office Supplies,Pens,COD,22-12-2021,22,12,2021,William Valdez,California,San Diego
B-25099," $7,957.00 "," $2,834.00 ",12,Furniture,Chairs,UPI,22-12-2021,22,12,2021,William Valdez,California,San Diego
B-26945," $7,377.00 ", $320.00 ,15,Electronics,Printers,Debit Card,21-12-2022,21,12,2022,Aaron Jones,Texas,Austin
B-26945," $2,054.00 ", $371.00 ,12,Office Supplies,Markers,EMI,21-12-2022,21,12,2022,Aaron Jones,Texas,Austin
B-26537," $3,260.00 ", $207.00 ,17,Furniture,Tables,UPI,21-12-2023,21,12,2023,Tanya Walker,California,San Diego
B-26347," $8,586.00 "," $3,826.00 ",7,Furniture,Bookcases,UPI,21-12-2020,21,12,2020,Mary Smith,Florida,Miami
B-25382," $7,019.00 "," $2,677.00 ",15,Office Supplies,Markers,UPI,21-12-2020,21,12,2020,Joshua Rojas,Florida,Miami
B-25112," $7,421.00 ", $958.00 ,10,Furniture,Tables,COD,20-12-2022,20,12,2022,Justin Vasquez,Texas,Houston
B-26066," $6,673.00 ", $950.00 ,19,Office Supplies,Markers,EMI,19-12-2024,19,12,2024,Carl Wade DDS,New York,Buffalo
B-25658," $1,290.00 ", $204.00 ,12,Office Supplies,Markers,UPI,19-12-2024,19,12,2024,Samuel Wallace,California,San Francisco
B-26232," $5,219.00 "," $1,180.00 ",20,Office Supplies,Binders,COD,17-12-2021,17,12,2021,Alexander Reed,New York,New York City
B-25695," $1,239.00 ", $575.00 ,17,Electronics,Laptops,UPI,17-12-2022,17,12,2022,Rebecca Wright,New York,Rochester
B-25695," $1,262.00 ", $515.00 ,16,Electronics,Electronic Games,EMI,17-12-2022,17,12,2022,Rebecca Wright,New York,Rochester
B-25192," $3,309.00 ", $177.00 ,13,Furniture,Bookcases,EMI,17-12-2020,17,12,2020,Ashley Wright,Ohio,Cleveland
B-26507," $9,895.00 "," $1,598.00 ",20,Furniture,Bookcases,COD,16-12-2023,16,12,2023,Janet Guerrero,New York,Rochester
B-26121," $1,126.00 ", $55.00 ,1,Furniture,Bookcases,UPI,16-12-2022,16,12,2022,Michelle Williams,New York,Buffalo
B-25590," $8,305.00 "," $1,577.00 ",6,Office Supplies,Binders,Debit Card,16-12-2020,16,12,2020,Darrell Ramos,New York,Rochester
B-26679," $3,234.00 "," $1,274.00 ",10,Furniture,Tables,EMI,15-12-2020,15,12,2020,Matthew Schroeder,Ohio,Cleveland
B-26679," $8,102.00 "," $1,800.00 ",5,Office Supplies,Markers,UPI,15-12-2020,15,12,2020,Matthew Schroeder,Ohio,Cleveland
B-26298," $2,082.00 ", $642.00 ,8,Electronics,Phones,EMI,15-12-2022,15,12,2022,Jenna Holland,Texas,Austin
B-25381," $4,220.00 ", $945.00 ,13,Office Supplies,Markers,EMI,15-12-2020,15,12,2020,Dawn Webb,Illinois,Peoria
B-26225," $1,992.00 ", $355.00 ,2,Electronics,Phones,COD,14-12-2024,14,12,2024,William Beck,Florida,Tampa
B-26157," $9,337.00 ", $554.00 ,11,Office Supplies,Pens,COD,14-12-2023,14,12,2023,Sierra Rios,Florida,Orlando
B-26157," $6,045.00 "," $1,606.00 ",4,Office Supplies,Paper,COD,14-12-2023,14,12,2023,Sierra Rios,Florida,Orlando
B-25970," $9,132.00 "," $3,096.00 ",14,Furniture,Chairs,Debit Card,14-12-2023,14,12,2023,Kevin Cooper,Florida,Tampa
B-25492," $2,596.00 "," $1,003.00 ",19,Office Supplies,Paper,Credit Card,14-12-2021,14,12,2021,Tina Blake,New York,Buffalo
B-25492," $9,279.00 ", $552.00 ,14,Furniture,Chairs,EMI,14-12-2021,14,12,2021,Tina Blake,New York,Buffalo
B-26767," $6,724.00 "," $1,539.00 ",19,Furniture,Bookcases,COD,13-12-2021,13,12,2021,Dennis Rivera,California,San Francisco
B-26739," $2,689.00 "," $1,330.00 ",3,Furniture,Tables,UPI,13-12-2020,13,12,2020,Robert Sexton,California,Los Angeles
B-26677," $8,581.00 "," $2,444.00 ",2,Office Supplies,Paper,Debit Card,13-12-2020,13,12,2020,Philip Baker,Illinois,Peoria
B-26224," $5,564.00 ", $175.00 ,11,Electronics,Laptops,COD,13-12-2023,13,12,2023,Juan Kelly,Florida,Miami
B-26224," $3,953.00 "," $1,776.00 ",15,Electronics,Electronic Games,UPI,13-12-2023,13,12,2023,Juan Kelly,Florida,Miami
B-26684," $7,434.00 "," $2,851.00 ",5,Office Supplies,Markers,UPI,12-12-2022,12,12,2022,Jesse Bond,Illinois,Springfield
B-26464," $8,797.00 "," $1,010.00 ",8,Furniture,Tables,UPI,12-12-2021,12,12,2021,Brian Green,California,San Diego
B-26464," $5,704.00 ", $714.00 ,13,Electronics,Laptops,EMI,12-12-2021,12,12,2021,Brian Green,California,San Diego
B-26464," $9,236.00 "," $2,899.00 ",5,Electronics,Laptops,Debit Card,12-12-2021,12,12,2021,Brian Green,California,San Diego
B-26165," $6,671.00 "," $2,797.00 ",10,Electronics,Phones,UPI,12-12-2022,12,12,2022,Darryl Robbins,Illinois,Peoria
B-26026," $7,355.00 "," $1,034.00 ",3,Furniture,Sofas,COD,12-12-2024,12,12,2024,Kelsey Castaneda,Ohio,Cleveland
B-26026," $1,843.00 ", $248.00 ,3,Electronics,Phones,Credit Card,12-12-2024,12,12,2024,Kelsey Castaneda,Ohio,Cleveland
B-26026," $1,603.00 ", $361.00 ,10,Office Supplies,Pens,Debit Card,12-12-2024,12,12,2024,Kelsey Castaneda,Ohio,Cleveland
B-26026, $953.00 , $93.00 ,2,Office Supplies,Paper,Debit Card,12-12-2024,12,12,2024,Kelsey Castaneda,Ohio,Cleveland
B-26723," $5,322.00 "," $1,423.00 ",18,Furniture,Sofas,COD,09-12-2023,9,12,2023,James Jones,Texas,Dallas
B-25154," $3,977.00 ", $813.00 ,5,Office Supplies,Binders,Credit Card,09-12-2024,9,12,2024,Mark Rodriguez,New York,New York City
B-26723," $5,322.00 "," $1,423.00 ",18,Furniture,Sofas,COD,08-12-2022,8,12,2022,James Dickerson,Texas,Houston
B-26279," $3,747.00 ", $410.00 ,5,Office Supplies,Markers,Credit Card,08-12-2022,8,12,2022,Kevin Jackson,New York,Buffalo
B-26279," $3,194.00 ", $534.00 ,4,Office Supplies,Binders,UPI,08-12-2022,8,12,2022,Kevin Jackson,New York,Buffalo
B-25809," $2,685.00 ", $379.00 ,18,Electronics,Phones,UPI,08-12-2022,8,12,2022,Sabrina Hartman,Florida,Tampa
B-25809," $4,548.00 "," $2,135.00 ",8,Office Supplies,Markers,Debit Card,08-12-2022,8,12,2022,Sabrina Hartman,Florida,Tampa
B-25809," $6,184.00 ", $50.00 ,14,Electronics,Electronic Games,Credit Card,08-12-2022,8,12,2022,Sabrina Hartman,Florida,Tampa
B-25809," $9,916.00 "," $4,602.00 ",14,Furniture,Chairs,UPI,08-12-2022,8,12,2022,Sabrina Hartman,Florida,Tampa
B-25706," $7,259.00 "," $1,969.00 ",10,Electronics,Laptops,Credit Card,08-12-2022,8,12,2022,Kristen Lawson,Illinois,Springfield
B-25594," $2,931.00 ", $212.00 ,7,Electronics,Electronic Games,Credit Card,08-12-2023,8,12,2023,Kevin Johnson,Florida,Tampa
B-26420," $4,897.00 "," $1,001.00 ",14,Furniture,Sofas,Debit Card,07-12-2021,7,12,2021,Lisa Farmer,Texas,Houston
B-25916," $2,858.00 ", $230.00 ,3,Furniture,Tables,Credit Card,07-12-2022,7,12,2022,Christina Davis,Illinois,Chicago
B-25916," $8,175.00 ", $525.00 ,7,Furniture,Sofas,Credit Card,07-12-2022,7,12,2022,Christina Davis,Illinois,Chicago
B-25916," $5,846.00 ", $586.00 ,18,Furniture,Sofas,UPI,07-12-2022,7,12,2022,Christina Davis,Illinois,Chicago
B-25916," $6,009.00 "," $2,107.00 ",7,Electronics,Phones,UPI,07-12-2022,7,12,2022,Christina Davis,Illinois,Chicago
B-25843," $6,864.00 "," $1,824.00 ",14,Electronics,Printers,Credit Card,07-12-2023,7,12,2023,Stephanie Hayes,Texas,Austin
B-25843," $7,524.00 "," $2,308.00 ",15,Electronics,Laptops,EMI,07-12-2023,7,12,2023,Stephanie Hayes,Texas,Austin
B-25690, $523.00 , $95.00 ,20,Electronics,Printers,EMI,07-12-2024,7,12,2024,Mark Blackburn,Texas,Dallas
B-25182," $1,397.00 ", $686.00 ,11,Furniture,Chairs,Credit Card,07-12-2021,7,12,2021,Natalie Maxwell,New York,New York City
B-25342," $4,364.00 ", $831.00 ,2,Furniture,Tables,EMI,06-12-2024,6,12,2024,Nancy Jones,Ohio,Cleveland
B-25342, $949.00 , $301.00 ,9,Office Supplies,Binders,UPI,06-12-2024,6,12,2024,Nancy Jones,Ohio,Cleveland
B-25342," $6,823.00 ", $771.00 ,6,Office Supplies,Binders,EMI,06-12-2024,6,12,2024,Nancy Jones,Ohio,Cleveland
B-26742," $4,358.00 ", $526.00 ,19,Electronics,Phones,Credit Card,05-12-2022,5,12,2022,Bryan Russell,Texas,Dallas
B-26742," $6,459.00 ", $825.00 ,8,Electronics,Phones,Credit Card,05-12-2022,5,12,2022,Bryan Russell,Texas,Dallas
B-26526, $599.00 , $265.00 ,4,Electronics,Phones,Credit Card,05-12-2024,5,12,2024,Sabrina Buckley,New York,Rochester
B-26526," $2,727.00 ", $543.00 ,10,Furniture,Bookcases,Credit Card,05-12-2024,5,12,2024,Sabrina Buckley,New York,Rochester
B-26244," $5,442.00 "," $1,610.00 ",1,Electronics,Phones,EMI,05-12-2021,5,12,2021,William Welch,Florida,Orlando
B-26244," $7,340.00 "," $2,271.00 ",8,Office Supplies,Paper,EMI,05-12-2021,5,12,2021,William Welch,Florida,Orlando
B-26046," $5,024.00 "," $1,544.00 ",19,Office Supplies,Pens,COD,05-12-2022,5,12,2022,Charles Moore,Florida,Miami
B-26046," $2,565.00 ", $983.00 ,20,Electronics,Electronic Games,Debit Card,05-12-2022,5,12,2022,Charles Moore,Florida,Miami
B-25038, $738.00 , $342.00 ,2,Furniture,Chairs,Debit Card,05-12-2020,5,12,2020,Lisa Jacobs,New York,Buffalo
B-25266," $5,389.00 "," $2,196.00 ",5,Furniture,Tables,UPI,04-12-2023,4,12,2023,Lori Adkins,California,San Diego
B-25266," $4,164.00 ", $905.00 ,11,Electronics,Phones,COD,04-12-2023,4,12,2023,Lori Adkins,California,San Diego
B-26988," $6,255.00 ", $437.00 ,18,Office Supplies,Markers,COD,03-12-2021,3,12,2021,Ms. Barbara Cervantes,New York,Rochester
B-26988," $2,109.00 ", $681.00 ,20,Electronics,Electronic Games,UPI,03-12-2021,3,12,2021,Ms. Barbara Cervantes,New York,Rochester
B-25234," $5,024.00 ", $379.00 ,2,Office Supplies,Paper,UPI,03-12-2022,3,12,2022,Andrew Barry,Illinois,Peoria
B-26712," $5,196.00 "," $2,477.00 ",1,Office Supplies,Markers,UPI,01-12-2021,1,12,2021,Emma Bruce,Texas,Austin
B-26712," $6,586.00 "," $1,794.00 ",19,Furniture,Bookcases,Debit Card,01-12-2021,1,12,2021,Emma Bruce,Texas,Austin
B-25955, $655.00 , $297.00 ,4,Office Supplies,Markers,Debit Card,30-11-2023,30,11,2023,Ashlee Mills,Florida,Orlando
B-25492," $2,596.00 "," $1,003.00 ",19,Office Supplies,Paper,Credit Card,30-11-2020,30,11,2020,Clarence Cooke,California,San Francisco
B-25492," $9,279.00 ", $552.00 ,14,Furniture,Chairs,EMI,30-11-2020,30,11,2020,Clarence Cooke,California,San Francisco
B-26896," $6,488.00 "," $1,591.00 ",18,Electronics,Printers,EMI,29-11-2020,29,11,2020,Morgan Sullivan,Texas,Houston
B-26726," $3,176.00 ", $586.00 ,9,Furniture,Tables,EMI,29-11-2021,29,11,2021,Lynn Reynolds,Ohio,Cincinnati
B-26726," $7,213.00 ", $508.00 ,19,Electronics,Electronic Games,Debit Card,29-11-2021,29,11,2021,Lynn Reynolds,Ohio,Cincinnati
B-26309," $6,672.00 "," $3,319.00 ",4,Furniture,Tables,UPI,29-11-2023,29,11,2023,Joshua Murray,Texas,Dallas
B-26734, $847.00 , $355.00 ,17,Furniture,Tables,COD,28-11-2023,28,11,2023,Emily Frederick,Texas,Austin
B-25507," $6,392.00 ", $444.00 ,18,Electronics,Electronic Games,Credit Card,28-11-2023,28,11,2023,Debra Rodriguez,Florida,Tampa
B-25104," $8,971.00 "," $2,971.00 ",19,Office Supplies,Binders,Debit Card,28-11-2020,28,11,2020,Paul Raymond,California,San Diego
B-25104," $2,939.00 ", $894.00 ,20,Office Supplies,Binders,COD,28-11-2020,28,11,2020,Paul Raymond,California,San Diego
B-26284," $5,152.00 "," $2,045.00 ",14,Electronics,Phones,UPI,27-11-2020,27,11,2020,Elizabeth Miller,Illinois,Springfield
B-25810," $7,144.00 ", $192.00 ,13,Electronics,Electronic Games,Credit Card,27-11-2021,27,11,2021,Kendra Mckinney,Florida,Miami
B-25810," $1,894.00 ", $275.00 ,5,Furniture,Chairs,Credit Card,27-11-2021,27,11,2021,Kendra Mckinney,Florida,Miami
B-25471," $1,146.00 ", $188.00 ,9,Furniture,Chairs,Debit Card,27-11-2024,27,11,2024,Tara Hughes,Florida,Tampa
B-26293," $9,768.00 "," $4,518.00 ",8,Furniture,Tables,Credit Card,26-11-2021,26,11,2021,Michael Hunt,Texas,Dallas
B-26293," $4,968.00 ", $934.00 ,5,Furniture,Sofas,Debit Card,26-11-2021,26,11,2021,Michael Hunt,Texas,Dallas
B-26293," $1,731.00 ", $149.00 ,4,Electronics,Laptops,EMI,26-11-2021,26,11,2021,Michael Hunt,Texas,Dallas
B-26572," $1,818.00 ", $738.00 ,11,Office Supplies,Markers,EMI,25-11-2024,25,11,2024,Mark Roy,California,San Francisco
B-26572," $5,911.00 "," $2,333.00 ",14,Furniture,Bookcases,EMI,25-11-2024,25,11,2024,Mark Roy,California,San Francisco
B-25574," $5,313.00 "," $2,037.00 ",7,Electronics,Printers,Debit Card,25-11-2024,25,11,2024,Jason Hernandez,California,San Francisco
B-25444," $7,626.00 ", $229.00 ,5,Office Supplies,Pens,EMI,25-11-2020,25,11,2020,Tony Chavez,Ohio,Columbus
B-25101," $1,638.00 ", $661.00 ,13,Furniture,Chairs,EMI,25-11-2023,25,11,2023,Steven Steele,Illinois,Springfield
B-26426," $8,644.00 "," $1,968.00 ",9,Office Supplies,Paper,Debit Card,24-11-2023,24,11,2023,Melissa Mitchell,Illinois,Chicago
B-25465, $717.00 , $158.00 ,16,Furniture,Tables,Credit Card,24-11-2024,24,11,2024,Crystal Chambers,New York,New York City
B-25465, $508.00 , $177.00 ,17,Furniture,Sofas,UPI,24-11-2024,24,11,2024,Crystal Chambers,New York,New York City
B-25298," $8,104.00 "," $1,039.00 ",6,Office Supplies,Markers,COD,24-11-2021,24,11,2021,Lisa Mcintyre,Florida,Orlando
B-26883," $9,751.00 "," $2,459.00 ",13,Office Supplies,Pens,COD,23-11-2020,23,11,2020,Christian Jones,New York,Buffalo
B-25962," $4,202.00 "," $1,171.00 ",3,Office Supplies,Markers,COD,23-11-2022,23,11,2022,Rachel Fisher,Illinois,Peoria
B-25303, $770.00 , $241.00 ,11,Furniture,Sofas,COD,23-11-2021,23,11,2021,Darren Perez,Texas,Austin
B-26353," $6,304.00 ", $766.00 ,14,Furniture,Tables,EMI,22-11-2024,22,11,2024,Danielle Ramirez,California,San Francisco
B-26353," $5,317.00 "," $1,345.00 ",18,Furniture,Chairs,Debit Card,22-11-2024,22,11,2024,Danielle Ramirez,California,San Francisco
B-26554," $7,564.00 "," $3,463.00 ",5,Office Supplies,Paper,Credit Card,21-11-2020,21,11,2020,Jessica Jones,Illinois,Peoria
B-26554," $3,409.00 "," $1,605.00 ",20,Electronics,Electronic Games,UPI,21-11-2020,21,11,2020,Jessica Jones,Illinois,Peoria
B-25881," $8,709.00 "," $2,322.00 ",8,Furniture,Tables,Debit Card,21-11-2024,21,11,2024,Kristin Hart,California,San Francisco
B-26716," $4,390.00 ", $179.00 ,1,Furniture,Tables,Debit Card,20-11-2021,20,11,2021,Marcus Santiago,New York,Buffalo
B-26716," $1,314.00 ", $490.00 ,16,Furniture,Sofas,UPI,20-11-2021,20,11,2021,Marcus Santiago,New York,Buffalo
B-26716," $1,150.00 ", $58.00 ,7,Office Supplies,Binders,Debit Card,20-11-2021,20,11,2021,Marcus Santiago,New York,Buffalo
B-26259," $1,757.00 ", $622.00 ,10,Furniture,Chairs,UPI,20-11-2022,20,11,2022,Kayla Ross,Illinois,Peoria
B-26145," $7,441.00 ", $867.00 ,12,Furniture,Sofas,COD,20-11-2021,20,11,2021,Deborah Williams,Illinois,Chicago
B-26677," $8,581.00 "," $2,444.00 ",2,Office Supplies,Paper,Debit Card,19-11-2020,19,11,2020,Randall Dennis,Florida,Orlando
B-26640," $8,127.00 "," $3,551.00 ",16,Furniture,Tables,Credit Card,18-11-2022,18,11,2022,Richard Kelley,California,Los Angeles
B-26640, $883.00 , $117.00 ,10,Electronics,Laptops,EMI,18-11-2022,18,11,2022,Richard Kelley,California,Los Angeles
B-26112," $1,476.00 ", $247.00 ,5,Furniture,Bookcases,COD,18-11-2023,18,11,2023,Jacob Martinez,California,Los Angeles
B-25330," $2,957.00 ", $917.00 ,16,Office Supplies,Pens,Debit Card,17-11-2024,17,11,2024,Katrina Wood,Illinois,Chicago
B-26332," $9,835.00 "," $2,571.00 ",16,Furniture,Tables,COD,16-11-2021,16,11,2021,Nicholas Anderson,Florida,Orlando
B-26332," $9,691.00 "," $3,056.00 ",13,Office Supplies,Markers,Credit Card,16-11-2021,16,11,2021,Nicholas Anderson,Florida,Orlando
B-26332," $7,826.00 "," $1,221.00 ",14,Furniture,Bookcases,UPI,16-11-2021,16,11,2021,Nicholas Anderson,Florida,Orlando
B-25372," $1,016.00 ", $172.00 ,20,Furniture,Tables,Debit Card,16-11-2020,16,11,2020,Heather Jenkins,New York,Buffalo
B-25372," $5,768.00 "," $2,059.00 ",14,Furniture,Tables,UPI,16-11-2020,16,11,2020,Heather Jenkins,New York,Buffalo
B-25372," $1,217.00 ", $151.00 ,3,Furniture,Tables,Credit Card,16-11-2020,16,11,2020,Heather Jenkins,New York,Buffalo
B-25369," $1,579.00 ", $602.00 ,9,Electronics,Laptops,Credit Card,16-11-2021,16,11,2021,Mr. Daniel Wilson,Ohio,Cincinnati
B-25369," $3,760.00 "," $1,849.00 ",19,Furniture,Chairs,EMI,16-11-2021,16,11,2021,Mr. Daniel Wilson,Ohio,Cincinnati
B-25006," $5,831.00 "," $1,574.00 ",17,Office Supplies,Pens,Debit Card,16-11-2022,16,11,2022,Jeffrey Johnson III,California,San Francisco
B-25603," $9,272.00 "," $1,771.00 ",19,Office Supplies,Markers,UPI,14-11-2024,14,11,2024,Jamie Brewer,Illinois,Springfield
B-26137," $3,423.00 ", $804.00 ,4,Electronics,Printers,Credit Card,13-11-2021,13,11,2021,Richard Maynard,Ohio,Cincinnati
B-25953," $4,985.00 "," $1,920.00 ",10,Furniture,Bookcases,Credit Card,13-11-2021,13,11,2021,Sydney Walls,Illinois,Chicago
B-25953," $6,690.00 "," $1,001.00 ",19,Office Supplies,Binders,UPI,13-11-2021,13,11,2021,Sydney Walls,Illinois,Chicago
B-25698," $3,776.00 "," $1,100.00 ",9,Electronics,Electronic Games,EMI,13-11-2022,13,11,2022,Heather Parker,Texas,Austin
B-25962," $4,202.00 "," $1,171.00 ",3,Office Supplies,Markers,COD,12-11-2023,12,11,2023,Jesus Zuniga,Texas,Houston
B-25890," $2,516.00 ", $734.00 ,19,Furniture,Chairs,UPI,12-11-2023,12,11,2023,Jacqueline Hubbard,New York,New York City
B-25564," $2,451.00 ", $342.00 ,8,Office Supplies,Paper,EMI,12-11-2021,12,11,2021,Kayla Banks,Ohio,Cincinnati
B-25396," $5,165.00 ", $885.00 ,16,Office Supplies,Pens,EMI,12-11-2022,12,11,2022,Lydia Donovan,Illinois,Peoria
B-25396," $4,863.00 "," $2,394.00 ",4,Furniture,Bookcases,EMI,12-11-2022,12,11,2022,Lydia Donovan,Illinois,Peoria
B-25142," $5,105.00 ", $465.00 ,5,Electronics,Printers,UPI,12-11-2021,12,11,2021,Marc Strickland,Florida,Orlando
B-25142," $6,940.00 ", $253.00 ,15,Furniture,Bookcases,Debit Card,12-11-2021,12,11,2021,Marc Strickland,Florida,Orlando
B-26516," $6,973.00 "," $3,038.00 ",10,Furniture,Tables,COD,11-11-2021,11,11,2021,Deborah Hoffman,Florida,Miami
B-26516," $8,590.00 "," $3,565.00 ",15,Electronics,Electronic Games,EMI,11-11-2021,11,11,2021,Deborah Hoffman,Florida,Miami
B-26759," $4,441.00 ", $281.00 ,20,Electronics,Printers,COD,10-11-2024,10,11,2024,Rebecca Smith,Texas,Dallas
B-26759," $8,563.00 "," $2,624.00 ",8,Office Supplies,Binders,COD,10-11-2024,10,11,2024,Rebecca Smith,Texas,Dallas
B-25976," $4,307.00 ", $615.00 ,3,Electronics,Electronic Games,UPI,10-11-2020,10,11,2020,Francisco Hicks,Illinois,Springfield
B-25976," $5,694.00 "," $1,134.00 ",5,Furniture,Chairs,EMI,10-11-2020,10,11,2020,Francisco Hicks,Illinois,Springfield
B-25759," $5,014.00 "," $2,332.00 ",2,Furniture,Chairs,COD,10-11-2020,10,11,2020,Leah Calderon,Illinois,Chicago
B-26552," $2,804.00 ", $936.00 ,10,Electronics,Electronic Games,Credit Card,09-11-2020,9,11,2020,Larry Moore,Florida,Tampa
B-25238," $7,600.00 "," $1,098.00 ",10,Office Supplies,Pens,UPI,09-11-2023,9,11,2023,Walter Crawford,Illinois,Springfield
B-25238," $7,501.00 ", $262.00 ,18,Office Supplies,Paper,COD,09-11-2023,9,11,2023,Walter Crawford,Illinois,Springfield
B-26159," $7,700.00 "," $2,712.00 ",1,Furniture,Sofas,Credit Card,07-11-2023,7,11,2023,Cheyenne Rose,Florida,Orlando
B-26159," $7,484.00 "," $2,871.00 ",15,Electronics,Phones,UPI,07-11-2023,7,11,2023,Cheyenne Rose,Florida,Orlando
B-25043," $2,727.00 ", $663.00 ,8,Electronics,Phones,Credit Card,07-11-2022,7,11,2022,Austin Hammond,Florida,Miami
B-25962," $4,202.00 "," $1,171.00 ",3,Office Supplies,Markers,COD,06-11-2023,6,11,2023,William Wu,Florida,Tampa
B-25602," $4,853.00 "," $1,764.00 ",9,Office Supplies,Pens,Debit Card,06-11-2021,6,11,2021,Rhonda Harris,Florida,Orlando
B-25465, $717.00 , $158.00 ,16,Furniture,Tables,Credit Card,06-11-2020,6,11,2020,Robert White,Florida,Orlando
B-25465, $508.00 , $177.00 ,17,Furniture,Sofas,UPI,06-11-2020,6,11,2020,Robert White,Florida,Orlando
B-26485," $9,084.00 "," $3,253.00 ",12,Office Supplies,Pens,Debit Card,05-11-2023,5,11,2023,Marisa Prince,New York,Buffalo
B-26724," $9,694.00 "," $4,361.00 ",1,Furniture,Chairs,EMI,04-11-2023,4,11,2023,Roberto Parrish,Illinois,Springfield
B-26043," $8,769.00 "," $1,989.00 ",20,Office Supplies,Paper,UPI,03-11-2020,3,11,2020,Sara Peterson,Illinois,Chicago
B-25316," $5,462.00 ", $673.00 ,12,Electronics,Printers,Debit Card,03-11-2022,3,11,2022,John Thompson,Texas,Austin
B-25819," $2,589.00 ", $605.00 ,11,Office Supplies,Pens,EMI,02-11-2023,2,11,2023,Robert Rojas,California,San Francisco
B-25398," $9,215.00 ", $767.00 ,13,Electronics,Printers,COD,01-11-2021,1,11,2021,Heather Bell,California,San Francisco
B-26980," $9,752.00 "," $3,618.00 ",5,Furniture,Bookcases,Debit Card,31-10-2022,31,10,2022,Joseph Knight,Illinois,Peoria
B-25962," $4,202.00 "," $1,171.00 ",3,Office Supplies,Markers,COD,31-10-2022,31,10,2022,Donald Moore,New York,Rochester
B-25888," $8,858.00 "," $3,394.00 ",6,Furniture,Chairs,COD,31-10-2024,31,10,2024,Victor Collins,California,San Diego
B-25829," $9,640.00 "," $2,606.00 ",2,Furniture,Bookcases,Credit Card,31-10-2021,31,10,2021,Anthony Barnett,Illinois,Peoria
B-25770," $8,548.00 "," $2,305.00 ",1,Office Supplies,Binders,COD,30-10-2022,30,10,2022,James Taylor,Florida,Tampa
B-25394," $3,686.00 ", $760.00 ,20,Office Supplies,Pens,Debit Card,30-10-2022,30,10,2022,Tyler Park,California,San Francisco
B-26961," $5,193.00 "," $2,530.00 ",5,Furniture,Sofas,Debit Card,29-10-2021,29,10,2021,Johnny Hill,California,San Diego
B-25703," $9,438.00 "," $1,801.00 ",4,Electronics,Electronic Games,COD,29-10-2023,29,10,2023,Lindsay Jackson,Texas,Austin
B-25574," $5,313.00 "," $2,037.00 ",7,Electronics,Printers,Debit Card,29-10-2021,29,10,2021,Jacob Torres,Texas,Houston
B-25999," $2,740.00 ", $558.00 ,8,Office Supplies,Pens,UPI,28-10-2023,28,10,2023,Nancy Boyd,Ohio,Cincinnati
B-25999," $7,895.00 "," $1,005.00 ",1,Furniture,Chairs,Credit Card,28-10-2023,28,10,2023,Nancy Boyd,Ohio,Cincinnati
B-25406," $6,016.00 ", $431.00 ,20,Office Supplies,Pens,UPI,28-10-2020,28,10,2020,Megan Williams,Illinois,Chicago
B-26489," $6,223.00 "," $1,478.00 ",3,Furniture,Sofas,Debit Card,27-10-2023,27,10,2023,Anna Blackburn,Ohio,Cincinnati
B-26489," $3,297.00 ", $102.00 ,12,Electronics,Phones,Credit Card,27-10-2023,27,10,2023,Anna Blackburn,Ohio,Cincinnati
B-26489," $2,791.00 ", $894.00 ,14,Electronics,Laptops,COD,27-10-2023,27,10,2023,Anna Blackburn,Ohio,Cincinnati
B-26489," $8,943.00 "," $3,121.00 ",17,Furniture,Chairs,Debit Card,27-10-2023,27,10,2023,Anna Blackburn,Ohio,Cincinnati
B-25992," $8,572.00 "," $2,041.00 ",8,Furniture,Tables,EMI,27-10-2020,27,10,2020,Diana Scott,California,San Diego
B-25992," $8,059.00 "," $1,834.00 ",10,Electronics,Printers,Credit Card,27-10-2020,27,10,2020,Diana Scott,California,San Diego
B-26754," $1,089.00 ", $176.00 ,16,Office Supplies,Markers,EMI,26-10-2020,26,10,2020,Robin Myers,Texas,Dallas
B-25849," $6,934.00 "," $1,152.00 ",6,Office Supplies,Pens,Credit Card,26-10-2021,26,10,2021,William Russell,Texas,Austin
B-25849," $2,901.00 "," $1,411.00 ",2,Office Supplies,Paper,Debit Card,26-10-2021,26,10,2021,William Russell,Texas,Austin
B-25068, $914.00 , $163.00 ,13,Office Supplies,Markers,UPI,26-10-2024,26,10,2024,Andrea Hill,Illinois,Chicago
B-25949," $4,510.00 "," $1,896.00 ",5,Office Supplies,Paper,EMI,25-10-2023,25,10,2023,Johnny Simon,California,Los Angeles
B-25465, $717.00 , $158.00 ,16,Furniture,Tables,Credit Card,24-10-2023,24,10,2023,Sylvia Barron,New York,Rochester
B-25465, $508.00 , $177.00 ,17,Furniture,Sofas,UPI,24-10-2023,24,10,2023,Sylvia Barron,New York,Rochester
B-26800," $3,283.00 ", $71.00 ,6,Office Supplies,Pens,EMI,23-10-2021,23,10,2021,Anthony Williams,New York,Rochester
B-26800," $8,568.00 "," $2,419.00 ",11,Electronics,Electronic Games,UPI,23-10-2021,23,10,2021,Anthony Williams,New York,Rochester
B-26528," $2,663.00 ", $64.00 ,19,Furniture,Sofas,COD,23-10-2021,23,10,2021,Megan Davis,Ohio,Cleveland
B-25464," $2,504.00 ", $440.00 ,18,Electronics,Printers,UPI,23-10-2020,23,10,2020,Melissa Mcknight,California,Los Angeles
B-25464," $3,124.00 ", $138.00 ,16,Electronics,Phones,Debit Card,23-10-2020,23,10,2020,Melissa Mcknight,California,Los Angeles
B-25464," $6,145.00 "," $1,414.00 ",4,Furniture,Chairs,COD,23-10-2020,23,10,2020,Melissa Mcknight,California,Los Angeles
B-26670," $5,151.00 "," $1,680.00 ",5,Electronics,Printers,EMI,22-10-2022,22,10,2022,Robert Brooks,Texas,Houston
B-25944," $5,954.00 "," $2,640.00 ",14,Electronics,Laptops,Credit Card,22-10-2022,22,10,2022,Jessica Russell,Texas,Dallas
B-26916," $1,165.00 ", $302.00 ,20,Furniture,Sofas,UPI,21-10-2022,21,10,2022,Kaylee Glover,Illinois,Springfield
B-26916," $1,165.00 ", $302.00 ,20,Furniture,Sofas,UPI,21-10-2020,21,10,2020,Pamela Patterson,California,San Francisco
B-26916, $916.00 , $362.00 ,7,Office Supplies,Pens,UPI,21-10-2022,21,10,2022,Kaylee Glover,Illinois,Springfield
B-26916, $916.00 , $362.00 ,7,Office Supplies,Pens,UPI,21-10-2020,21,10,2020,Pamela Patterson,California,San Francisco
B-26916," $7,846.00 ", $677.00 ,12,Furniture,Chairs,UPI,21-10-2022,21,10,2022,Kaylee Glover,Illinois,Springfield
B-26916," $7,846.00 ", $677.00 ,12,Furniture,Chairs,UPI,21-10-2020,21,10,2020,Pamela Patterson,California,San Francisco
B-26580," $4,007.00 ", $201.00 ,13,Furniture,Bookcases,COD,21-10-2020,21,10,2020,Kathryn Rogers,Ohio,Columbus
B-26258," $2,710.00 ", $555.00 ,20,Electronics,Laptops,Debit Card,21-10-2024,21,10,2024,Beverly Lamb,Illinois,Chicago
B-26258," $3,224.00 "," $1,018.00 ",14,Office Supplies,Binders,UPI,21-10-2024,21,10,2024,Beverly Lamb,Illinois,Chicago
B-25679, $810.00 , $231.00 ,18,Furniture,Bookcases,EMI,21-10-2020,21,10,2020,Jacob Decker,Florida,Tampa
B-25159," $5,338.00 "," $1,354.00 ",16,Office Supplies,Markers,UPI,21-10-2024,21,10,2024,Shannon Maynard,Florida,Orlando
B-26571," $9,548.00 "," $1,806.00 ",9,Electronics,Printers,COD,20-10-2022,20,10,2022,Kimberly Smith,Illinois,Springfield
B-26571," $7,472.00 "," $1,037.00 ",3,Office Supplies,Paper,COD,20-10-2022,20,10,2022,Kimberly Smith,Illinois,Springfield
B-26523," $2,850.00 ", $904.00 ,6,Electronics,Phones,EMI,20-10-2020,20,10,2020,Kristen Harper,New York,Buffalo
B-26523," $8,204.00 "," $2,382.00 ",6,Office Supplies,Pens,UPI,20-10-2020,20,10,2020,Kristen Harper,New York,Buffalo
B-26219," $9,386.00 "," $2,555.00 ",20,Office Supplies,Markers,Credit Card,20-10-2022,20,10,2022,Anthony Lane,Ohio,Cleveland
B-26095," $1,156.00 ", $74.00 ,15,Electronics,Printers,EMI,20-10-2021,20,10,2021,Leroy Harris,Texas,Houston
B-26095," $9,406.00 "," $1,137.00 ",16,Office Supplies,Markers,UPI,20-10-2021,20,10,2021,Leroy Harris,Texas,Houston
B-25901," $9,883.00 "," $4,812.00 ",16,Office Supplies,Paper,UPI,20-10-2020,20,10,2020,Jeffrey Middleton,New York,Buffalo
B-25901," $5,210.00 "," $1,185.00 ",7,Office Supplies,Paper,UPI,20-10-2020,20,10,2020,Jeffrey Middleton,New York,Buffalo
B-25669," $5,899.00 "," $2,264.00 ",6,Office Supplies,Binders,EMI,20-10-2023,20,10,2023,Adam Stevens,New York,Buffalo
B-25768," $5,354.00 ", $743.00 ,10,Furniture,Bookcases,UPI,19-10-2021,19,10,2021,Ricardo Dixon,Illinois,Springfield
B-25423," $6,385.00 "," $2,656.00 ",11,Electronics,Printers,Credit Card,19-10-2022,19,10,2022,Candace Martinez,Florida,Tampa
B-25620, $721.00 , $258.00 ,13,Electronics,Laptops,Debit Card,18-10-2023,18,10,2023,Benjamin Meadows,Illinois,Peoria
B-25620," $8,364.00 "," $3,055.00 ",17,Electronics,Laptops,Credit Card,18-10-2023,18,10,2023,Benjamin Meadows,Illinois,Peoria
B-25620," $5,234.00 "," $2,021.00 ",15,Furniture,Bookcases,EMI,18-10-2023,18,10,2023,Benjamin Meadows,Illinois,Peoria
B-25010," $7,870.00 "," $1,057.00 ",15,Office Supplies,Pens,Credit Card,18-10-2023,18,10,2023,Howard Esparza,Texas,Houston
B-26466," $5,457.00 "," $1,765.00 ",7,Electronics,Printers,EMI,17-10-2024,17,10,2024,Karina Barr,Texas,Dallas
B-26466," $3,479.00 "," $1,087.00 ",2,Office Supplies,Markers,EMI,17-10-2024,17,10,2024,Karina Barr,Texas,Dallas
B-25901," $9,883.00 "," $4,812.00 ",16,Office Supplies,Paper,UPI,17-10-2021,17,10,2021,Leslie Bean,Illinois,Springfield
B-25901," $5,210.00 "," $1,185.00 ",7,Office Supplies,Paper,UPI,17-10-2021,17,10,2021,Leslie Bean,Illinois,Springfield
B-25830," $3,839.00 "," $1,415.00 ",10,Office Supplies,Binders,UPI,17-10-2023,17,10,2023,Vincent Roth,California,Los Angeles
B-25730," $2,863.00 ", $205.00 ,17,Electronics,Phones,UPI,17-10-2020,17,10,2020,Ms. Emily Baxter,New York,Rochester
B-25730," $8,293.00 "," $2,632.00 ",8,Office Supplies,Binders,COD,17-10-2020,17,10,2020,Ms. Emily Baxter,New York,Rochester
B-25612," $7,163.00 "," $1,536.00 ",1,Electronics,Phones,EMI,17-10-2023,17,10,2023,Carlos Wells,California,San Diego
B-25839," $4,521.00 "," $1,778.00 ",9,Office Supplies,Paper,Debit Card,15-10-2024,15,10,2024,David Allen,Florida,Tampa
B-25359, $611.00 , $300.00 ,3,Furniture,Bookcases,Credit Card,15-10-2020,15,10,2020,Jack Woods,Illinois,Peoria
B-26125, $912.00 , $246.00 ,2,Furniture,Sofas,EMI,13-10-2023,13,10,2023,Benjamin Higgins,New York,Rochester
B-26125," $7,690.00 "," $1,134.00 ",4,Electronics,Electronic Games,COD,13-10-2023,13,10,2023,Benjamin Higgins,New York,Rochester
B-26656," $8,055.00 ", $661.00 ,10,Electronics,Phones,EMI,12-10-2022,12,10,2022,Michael Rodriguez,New York,Rochester
B-26656," $3,573.00 ", $562.00 ,7,Office Supplies,Pens,EMI,12-10-2022,12,10,2022,Michael Rodriguez,New York,Rochester
B-26470," $3,090.00 ", $573.00 ,6,Furniture,Tables,EMI,12-10-2021,12,10,2021,Elizabeth King,Texas,Dallas
B-26470," $9,683.00 "," $1,014.00 ",5,Electronics,Printers,UPI,12-10-2021,12,10,2021,Elizabeth King,Texas,Dallas
B-25495," $7,519.00 ", $402.00 ,14,Office Supplies,Paper,UPI,12-10-2022,12,10,2022,Sandra Hicks,California,San Diego
B-25495," $1,564.00 ", $674.00 ,13,Electronics,Electronic Games,Debit Card,12-10-2022,12,10,2022,Sandra Hicks,California,San Diego
B-25189," $7,620.00 ", $125.00 ,4,Office Supplies,Paper,EMI,12-10-2024,12,10,2024,Matthew Blake,California,San Francisco
B-26817," $3,316.00 ", $126.00 ,6,Electronics,Laptops,COD,11-10-2020,11,10,2020,Debra Townsend,Ohio,Cincinnati
B-26284," $5,152.00 "," $2,045.00 ",14,Electronics,Phones,UPI,11-10-2023,11,10,2023,Daniel Burns,New York,Rochester
B-26942," $1,525.00 ", $185.00 ,12,Office Supplies,Pens,Debit Card,09-10-2021,9,10,2021,Clayton Smith,Florida,Miami
B-25936," $9,992.00 "," $3,696.00 ",20,Office Supplies,Pens,Debit Card,09-10-2021,9,10,2021,Patrick Williams,New York,Rochester
B-25936," $9,619.00 "," $3,420.00 ",7,Office Supplies,Binders,UPI,09-10-2021,9,10,2021,Patrick Williams,New York,Rochester
B-26489," $6,223.00 "," $1,478.00 ",3,Furniture,Sofas,Debit Card,08-10-2022,8,10,2022,Brett Sutton,Texas,Austin
B-26489," $3,297.00 ", $102.00 ,12,Electronics,Phones,Credit Card,08-10-2022,8,10,2022,Brett Sutton,Texas,Austin
B-26489," $2,791.00 ", $894.00 ,14,Electronics,Laptops,COD,08-10-2022,8,10,2022,Brett Sutton,Texas,Austin
B-26489," $8,943.00 "," $3,121.00 ",17,Furniture,Chairs,Debit Card,08-10-2022,8,10,2022,Brett Sutton,Texas,Austin
B-26038," $8,400.00 ", $267.00 ,5,Electronics,Phones,Debit Card,08-10-2024,8,10,2024,Kimberly King,Ohio,Columbus
B-26038," $4,963.00 "," $1,254.00 ",15,Office Supplies,Paper,EMI,08-10-2024,8,10,2024,Kimberly King,Ohio,Columbus
B-25060," $1,379.00 ", $250.00 ,3,Office Supplies,Pens,Credit Card,08-10-2020,8,10,2020,Jonathan Mcmillan,New York,Buffalo
B-25060," $4,244.00 ", $340.00 ,10,Electronics,Laptops,Debit Card,08-10-2020,8,10,2020,Jonathan Mcmillan,New York,Buffalo
B-26592," $9,832.00 "," $1,270.00 ",1,Office Supplies,Pens,COD,07-10-2022,7,10,2022,James Hernandez,California,San Francisco
B-26592, $796.00 , $153.00 ,15,Office Supplies,Pens,Credit Card,07-10-2022,7,10,2022,James Hernandez,California,San Francisco
B-26139," $3,132.00 ", $963.00 ,1,Furniture,Tables,Debit Card,07-10-2022,7,10,2022,Casey Garcia,Florida,Orlando
B-26139," $3,958.00 ", $630.00 ,15,Furniture,Sofas,EMI,07-10-2022,7,10,2022,Casey Garcia,Florida,Orlando
B-26122," $4,116.00 ", $921.00 ,20,Office Supplies,Paper,UPI,07-10-2024,7,10,2024,Michael Jimenez,California,Los Angeles
B-25545," $3,900.00 ", $115.00 ,9,Furniture,Chairs,COD,07-10-2023,7,10,2023,Lawrence Oliver,Illinois,Springfield
B-25436," $8,044.00 "," $3,634.00 ",3,Office Supplies,Markers,COD,07-10-2022,7,10,2022,Anthony West,California,San Diego
B-26325," $5,449.00 "," $2,389.00 ",2,Electronics,Phones,UPI,06-10-2022,6,10,2022,James Benitez,Florida,Miami
B-26041," $9,498.00 ", $256.00 ,12,Electronics,Phones,COD,06-10-2021,6,10,2021,Jerry Alvarado,New York,New York City
B-25298," $8,104.00 "," $1,039.00 ",6,Office Supplies,Markers,COD,06-10-2021,6,10,2021,Carolyn Gonzalez,Florida,Miami
B-26842," $5,916.00 "," $1,594.00 ",19,Electronics,Printers,Debit Card,05-10-2023,5,10,2023,Ashley Adams MD,Florida,Orlando
B-26842," $6,402.00 "," $2,770.00 ",19,Office Supplies,Markers,Debit Card,05-10-2023,5,10,2023,Ashley Adams MD,Florida,Orlando
B-25819," $2,589.00 ", $605.00 ,11,Office Supplies,Pens,EMI,05-10-2024,5,10,2024,Eric Johnson,Ohio,Cleveland
B-25794," $7,417.00 "," $1,334.00 ",16,Furniture,Bookcases,COD,05-10-2021,5,10,2021,Amber Flowers,Florida,Tampa
B-25488," $1,388.00 ", $345.00 ,5,Furniture,Sofas,UPI,05-10-2024,5,10,2024,Christopher Thomas,New York,New York City
B-25488," $8,555.00 "," $1,638.00 ",8,Electronics,Laptops,Credit Card,05-10-2024,5,10,2024,Christopher Thomas,New York,New York City
B-25064," $4,628.00 "," $1,491.00 ",17,Electronics,Electronic Games,UPI,05-10-2023,5,10,2023,Kelly Jones,New York,Rochester
B-25064," $6,109.00 "," $3,040.00 ",9,Furniture,Chairs,EMI,05-10-2023,5,10,2023,Kelly Jones,New York,Rochester
B-26563," $4,314.00 "," $1,591.00 ",5,Furniture,Tables,Debit Card,04-10-2021,4,10,2021,Lauren Howell,New York,Buffalo
B-25757," $7,560.00 ", $821.00 ,4,Office Supplies,Paper,EMI,04-10-2021,4,10,2021,Ms. Kim Jordan,Illinois,Chicago
B-25203," $2,321.00 ", $505.00 ,6,Furniture,Chairs,EMI,04-10-2022,4,10,2022,Daniel Flowers,Illinois,Springfield
B-26794," $2,831.00 "," $1,289.00 ",12,Furniture,Chairs,Debit Card,02-10-2020,2,10,2020,Colin Patterson,New York,New York City
B-26794," $2,137.00 ", $638.00 ,12,Furniture,Bookcases,Debit Card,02-10-2020,2,10,2020,Colin Patterson,New York,New York City
B-26743," $7,684.00 "," $1,157.00 ",12,Furniture,Sofas,COD,02-10-2020,2,10,2020,Cameron Miller,Illinois,Chicago
B-25241," $9,905.00 ", $633.00 ,17,Office Supplies,Pens,EMI,02-10-2021,2,10,2021,David Clark,Florida,Tampa
B-26878," $1,078.00 ", $309.00 ,3,Electronics,Phones,Credit Card,01-10-2020,1,10,2020,Jasmin Jones,Illinois,Chicago
B-26554," $7,564.00 "," $3,463.00 ",5,Office Supplies,Paper,Credit Card,01-10-2024,1,10,2024,Renee Gomez,Florida,Miami
B-26554," $3,409.00 "," $1,605.00 ",20,Electronics,Electronic Games,UPI,01-10-2024,1,10,2024,Renee Gomez,Florida,Miami
B-26845," $7,633.00 ", $184.00 ,13,Office Supplies,Pens,COD,30-09-2021,30,9,2021,Shannon Patterson,Illinois,Springfield
B-26586," $2,239.00 ", $828.00 ,1,Electronics,Printers,UPI,30-09-2023,30,9,2023,Robert Daniels,Illinois,Chicago
B-26586," $2,450.00 "," $1,002.00 ",4,Electronics,Phones,Debit Card,30-09-2023,30,9,2023,Robert Daniels,Illinois,Chicago
B-25919," $2,140.00 ", $970.00 ,4,Office Supplies,Paper,Credit Card,30-09-2020,30,9,2020,Jillian Williams,California,San Diego
B-25919," $2,670.00 "," $1,026.00 ",1,Electronics,Laptops,Debit Card,30-09-2020,30,9,2020,Jillian Williams,California,San Diego
B-25364," $8,649.00 "," $2,631.00 ",13,Electronics,Laptops,EMI,30-09-2020,30,9,2020,Travis Chandler DDS,New York,Rochester
B-25823," $3,228.00 ", $476.00 ,9,Office Supplies,Paper,COD,29-09-2022,29,9,2022,Kathleen Cox,New York,New York City
B-26740," $9,369.00 "," $3,297.00 ",6,Electronics,Printers,Debit Card,27-09-2023,27,9,2023,Stephanie Manning,Florida,Orlando
B-26740," $8,680.00 "," $4,068.00 ",20,Electronics,Printers,Credit Card,27-09-2023,27,9,2023,Stephanie Manning,Florida,Orlando
B-26740," $3,067.00 "," $1,475.00 ",8,Electronics,Laptops,UPI,27-09-2023,27,9,2023,Stephanie Manning,Florida,Orlando
B-26501," $8,851.00 "," $3,962.00 ",7,Furniture,Tables,EMI,26-09-2020,26,9,2020,Ricky Smith,Florida,Miami
B-26023," $1,518.00 ", $159.00 ,19,Electronics,Printers,UPI,26-09-2020,26,9,2020,Stephanie Gardner,California,San Diego
B-26076," $2,750.00 "," $1,239.00 ",11,Electronics,Phones,Debit Card,24-09-2024,24,9,2024,Sean Smith,Ohio,Cleveland
B-26076," $8,639.00 "," $3,104.00 ",19,Office Supplies,Pens,EMI,24-09-2024,24,9,2024,Sean Smith,Ohio,Cleveland
B-25350," $7,699.00 ", $246.00 ,5,Electronics,Electronic Games,Debit Card,23-09-2023,23,9,2023,Mark Fry,Texas,Austin
B-26268," $4,369.00 ", $584.00 ,13,Office Supplies,Pens,Credit Card,22-09-2022,22,9,2022,Ashley Petty,Illinois,Peoria
B-25861," $9,989.00 "," $3,930.00 ",14,Furniture,Tables,Debit Card,22-09-2022,22,9,2022,Cassandra Farley,Florida,Orlando
B-25861," $9,851.00 "," $2,669.00 ",19,Electronics,Electronic Games,Debit Card,22-09-2022,22,9,2022,Cassandra Farley,Florida,Orlando
B-26790," $3,445.00 "," $1,405.00 ",16,Furniture,Sofas,EMI,21-09-2020,21,9,2020,Jennifer Cooke,California,San Francisco
B-26790," $9,837.00 ", $384.00 ,1,Electronics,Laptops,UPI,21-09-2020,21,9,2020,Jennifer Cooke,California,San Francisco
B-26505," $8,158.00 "," $2,052.00 ",13,Electronics,Phones,Debit Card,21-09-2020,21,9,2020,Mary Wright,Ohio,Cincinnati
B-26397," $6,200.00 "," $2,321.00 ",18,Furniture,Tables,Credit Card,21-09-2024,21,9,2024,Tonya Long,Florida,Miami
B-26698," $1,860.00 ", $457.00 ,13,Electronics,Printers,EMI,20-09-2023,20,9,2023,Susan Ramirez,Ohio,Cleveland
B-26119," $3,956.00 ", $142.00 ,12,Office Supplies,Pens,Debit Card,20-09-2023,20,9,2023,Jeffrey Henderson,Florida,Tampa
B-26119," $6,449.00 "," $2,628.00 ",11,Furniture,Bookcases,EMI,20-09-2023,20,9,2023,Jeffrey Henderson,Florida,Tampa
B-26628," $9,609.00 "," $4,339.00 ",3,Furniture,Sofas,Debit Card,19-09-2024,19,9,2024,George Ashley,Texas,Houston
B-25988," $2,463.00 ", $648.00 ,18,Furniture,Tables,EMI,19-09-2022,19,9,2022,Connie Holmes,Ohio,Cincinnati
B-26672," $1,518.00 ", $155.00 ,13,Office Supplies,Markers,Credit Card,18-09-2023,18,9,2023,Renee Robinson,Ohio,Columbus
B-26672," $1,366.00 ", $242.00 ,17,Electronics,Electronic Games,EMI,18-09-2023,18,9,2023,Renee Robinson,Ohio,Columbus
B-26742," $4,358.00 ", $526.00 ,19,Electronics,Phones,Credit Card,17-09-2024,17,9,2024,Tony Maddox,California,San Francisco
B-26742," $6,459.00 ", $825.00 ,8,Electronics,Phones,Credit Card,17-09-2024,17,9,2024,Tony Maddox,California,San Francisco
B-25747," $7,131.00 ", $718.00 ,12,Electronics,Printers,UPI,17-09-2023,17,9,2023,Nicholas Martin,Florida,Tampa
B-25747," $2,962.00 "," $1,470.00 ",1,Electronics,Phones,COD,17-09-2023,17,9,2023,Nicholas Martin,Florida,Tampa
B-25747," $4,200.00 ", $855.00 ,10,Office Supplies,Markers,EMI,17-09-2023,17,9,2023,Nicholas Martin,Florida,Tampa
B-26228," $8,537.00 "," $3,586.00 ",13,Office Supplies,Markers,UPI,16-09-2022,16,9,2022,Kathryn Gray,New York,Rochester
B-25388," $5,047.00 "," $2,211.00 ",13,Furniture,Sofas,EMI,16-09-2022,16,9,2022,Shawn Leach,Illinois,Peoria
B-26312," $1,760.00 ", $619.00 ,16,Furniture,Sofas,Debit Card,15-09-2021,15,9,2021,Jonathan Alvarez,Ohio,Columbus
B-26312," $6,351.00 ", $986.00 ,15,Electronics,Printers,UPI,15-09-2021,15,9,2021,Jonathan Alvarez,Ohio,Columbus
B-25424," $6,515.00 ", $961.00 ,11,Furniture,Sofas,Debit Card,15-09-2020,15,9,2020,Jill Perez,California,San Diego
B-25424," $1,574.00 ", $258.00 ,17,Office Supplies,Pens,EMI,15-09-2020,15,9,2020,Jill Perez,California,San Diego
B-25424," $5,635.00 ", $318.00 ,17,Office Supplies,Binders,UPI,15-09-2020,15,9,2020,Jill Perez,California,San Diego
B-26679," $3,234.00 "," $1,274.00 ",10,Furniture,Tables,EMI,14-09-2023,14,9,2023,Leonard Gonzalez,California,San Francisco
B-26679," $8,102.00 "," $1,800.00 ",5,Office Supplies,Markers,UPI,14-09-2023,14,9,2023,Leonard Gonzalez,California,San Francisco
B-25596," $6,707.00 "," $1,041.00 ",20,Electronics,Phones,Credit Card,14-09-2021,14,9,2021,Steven Proctor,Texas,Austin
B-25889," $7,992.00 ", $893.00 ,12,Electronics,Laptops,Credit Card,13-09-2024,13,9,2024,Jennifer Hernandez,Ohio,Cleveland
B-25701," $5,680.00 "," $2,159.00 ",19,Furniture,Tables,UPI,13-09-2023,13,9,2023,Suzanne Cross,Texas,Austin
B-25701," $1,167.00 ", $463.00 ,5,Office Supplies,Pens,UPI,13-09-2023,13,9,2023,Suzanne Cross,Texas,Austin
B-25701," $2,841.00 ", $803.00 ,20,Electronics,Laptops,Credit Card,13-09-2023,13,9,2023,Suzanne Cross,Texas,Austin
B-25497," $2,047.00 ", $914.00 ,5,Office Supplies,Markers,Debit Card,13-09-2024,13,9,2024,Paul Bryant,New York,Buffalo
B-25497," $2,995.00 ", $220.00 ,14,Furniture,Bookcases,Credit Card,13-09-2024,13,9,2024,Paul Bryant,New York,Buffalo
B-26841," $8,077.00 ", $240.00 ,15,Furniture,Sofas,Credit Card,12-09-2020,12,9,2020,Jill Jones,New York,New York City
B-26841," $9,827.00 "," $4,208.00 ",13,Furniture,Chairs,Debit Card,12-09-2020,12,9,2020,Jill Jones,New York,New York City
B-25030," $4,057.00 "," $1,012.00 ",6,Electronics,Laptops,Credit Card,12-09-2022,12,9,2022,Eric Nunez,California,San Diego
B-26904, $594.00 , $67.00 ,19,Office Supplies,Paper,Debit Card,10-09-2023,10,9,2023,Maria Davis,New York,Buffalo
B-25435," $4,157.00 "," $1,874.00 ",8,Electronics,Laptops,EMI,10-09-2020,10,9,2020,Paul Scott,California,San Francisco
B-25435," $3,518.00 "," $1,051.00 ",3,Furniture,Bookcases,UPI,10-09-2020,10,9,2020,Paul Scott,California,San Francisco
B-25935," $3,482.00 "," $1,554.00 ",15,Electronics,Laptops,Debit Card,09-09-2020,9,9,2020,Amanda Kim,Ohio,Columbus
B-25915," $3,433.00 "," $1,169.00 ",10,Office Supplies,Binders,COD,09-09-2021,9,9,2021,Amy Olsen,Illinois,Springfield
B-25915," $3,887.00 "," $1,490.00 ",1,Office Supplies,Binders,Debit Card,09-09-2021,9,9,2021,Amy Olsen,Illinois,Springfield
B-26678," $6,934.00 "," $1,226.00 ",1,Electronics,Electronic Games,Debit Card,08-09-2021,8,9,2021,Christian Jones,New York,Rochester
B-26599," $4,015.00 "," $1,751.00 ",15,Furniture,Chairs,Debit Card,08-09-2020,8,9,2020,Jorge George,New York,New York City
B-26122," $4,116.00 ", $921.00 ,20,Office Supplies,Paper,UPI,08-09-2020,8,9,2020,Angela Norman,Illinois,Springfield
B-25915," $3,433.00 "," $1,169.00 ",10,Office Supplies,Binders,COD,08-09-2021,8,9,2021,Stacey Miller,California,San Diego
B-25915," $3,887.00 "," $1,490.00 ",1,Office Supplies,Binders,Debit Card,08-09-2021,8,9,2021,Stacey Miller,California,San Diego
B-25369," $1,579.00 ", $602.00 ,9,Electronics,Laptops,Credit Card,08-09-2024,8,9,2024,Julie Smith MD,New York,Rochester
B-25369," $3,760.00 "," $1,849.00 ",19,Furniture,Chairs,EMI,08-09-2024,8,9,2024,Julie Smith MD,New York,Rochester
B-25222," $4,852.00 ", $218.00 ,2,Furniture,Tables,EMI,07-09-2023,7,9,2023,Brandon Norton,Illinois,Springfield
B-26322," $5,934.00 "," $1,563.00 ",2,Office Supplies,Markers,EMI,06-09-2024,6,9,2024,David Brown,Illinois,Peoria
B-25564," $2,451.00 ", $342.00 ,8,Office Supplies,Paper,EMI,06-09-2021,6,9,2021,Susan Wright,California,Los Angeles
B-25483," $7,821.00 "," $3,821.00 ",13,Electronics,Laptops,EMI,06-09-2021,6,9,2021,Carrie Alvarez,Illinois,Peoria
B-25483," $3,129.00 ", $55.00 ,9,Furniture,Bookcases,Debit Card,06-09-2021,6,9,2021,Carrie Alvarez,Illinois,Peoria
B-26912," $8,752.00 "," $1,686.00 ",9,Furniture,Tables,Debit Card,04-09-2023,4,9,2023,John Cox,Illinois,Peoria
B-25884," $9,538.00 "," $3,158.00 ",20,Electronics,Printers,Credit Card,04-09-2024,4,9,2024,Sean Elliott,California,San Francisco
B-25884," $9,035.00 "," $1,227.00 ",14,Furniture,Chairs,EMI,04-09-2024,4,9,2024,Sean Elliott,California,San Francisco
B-25733," $4,569.00 "," $1,693.00 ",10,Electronics,Printers,UPI,04-09-2020,4,9,2020,Manuel Stark,Illinois,Springfield
B-26878," $1,078.00 ", $309.00 ,3,Electronics,Phones,Credit Card,03-09-2022,3,9,2022,Nicholas Flores,Ohio,Cleveland
B-26598," $1,093.00 ", $397.00 ,17,Electronics,Printers,Credit Card,01-09-2024,1,9,2024,Jamie Jimenez,New York,Buffalo
B-26598," $2,636.00 ", $88.00 ,11,Office Supplies,Paper,Debit Card,01-09-2024,1,9,2024,Jamie Jimenez,New York,Buffalo
B-26379," $8,681.00 "," $2,458.00 ",9,Office Supplies,Pens,Credit Card,01-09-2020,1,9,2020,Mike Armstrong,New York,New York City
B-25004," $9,965.00 "," $3,033.00 ",16,Office Supplies,Markers,COD,01-09-2023,1,9,2023,Frank Garcia,New York,Buffalo
B-26324," $6,355.00 "," $1,335.00 ",15,Electronics,Electronic Games,Debit Card,31-08-2023,31,8,2023,Jacob Mann,Texas,Austin
B-25868," $2,944.00 ", $249.00 ,5,Office Supplies,Binders,Credit Card,31-08-2024,31,8,2024,Autumn Lee,Ohio,Columbus
B-26844," $4,163.00 ", $897.00 ,14,Electronics,Electronic Games,COD,30-08-2022,30,8,2022,Michelle Lynch,Illinois,Springfield
B-25602," $4,853.00 "," $1,764.00 ",9,Office Supplies,Pens,Debit Card,30-08-2022,30,8,2022,Randy Fisher,Texas,Houston
B-26964," $3,522.00 ", $898.00 ,15,Office Supplies,Pens,Credit Card,29-08-2024,29,8,2024,Brandon Kirk,Ohio,Cleveland
B-25936," $9,992.00 "," $3,696.00 ",20,Office Supplies,Pens,Debit Card,29-08-2022,29,8,2022,Brent Hernandez,New York,Rochester
B-25936," $9,619.00 "," $3,420.00 ",7,Office Supplies,Binders,UPI,29-08-2022,29,8,2022,Brent Hernandez,New York,Rochester
B-25156," $9,820.00 ", $793.00 ,16,Furniture,Chairs,Credit Card,29-08-2021,29,8,2021,Tom Lawson,New York,Buffalo
B-26599," $4,015.00 "," $1,751.00 ",15,Furniture,Chairs,Debit Card,28-08-2022,28,8,2022,Cheryl Stevens,California,San Francisco
B-26068," $1,033.00 ", $254.00 ,5,Furniture,Bookcases,COD,28-08-2020,28,8,2020,Carol Norman,New York,Rochester
B-25855," $5,263.00 "," $1,743.00 ",19,Furniture,Sofas,Credit Card,28-08-2022,28,8,2022,Kelsey Huber,Florida,Miami
B-26806," $4,027.00 "," $1,386.00 ",3,Furniture,Bookcases,EMI,27-08-2020,27,8,2020,Laura Cole,Florida,Tampa
B-26284," $5,152.00 "," $2,045.00 ",14,Electronics,Phones,UPI,25-08-2022,25,8,2022,Sabrina Clark,California,Los Angeles
B-25944," $5,954.00 "," $2,640.00 ",14,Electronics,Laptops,Credit Card,24-08-2021,24,8,2021,Angelica Lewis,New York,New York City
B-25646," $8,979.00 "," $4,477.00 ",4,Office Supplies,Paper,Credit Card,24-08-2020,24,8,2020,Sharon Wilkins,Illinois,Chicago
B-26284," $5,152.00 "," $2,045.00 ",14,Electronics,Phones,UPI,23-08-2023,23,8,2023,Larry Casey,Illinois,Chicago
B-26166," $5,142.00 "," $1,916.00 ",20,Office Supplies,Paper,EMI,23-08-2022,23,8,2022,Cynthia Wilcox,Illinois,Chicago
B-26166," $2,999.00 ", $145.00 ,13,Office Supplies,Binders,COD,23-08-2022,23,8,2022,Cynthia Wilcox,Illinois,Chicago
B-26144," $3,461.00 "," $1,537.00 ",15,Furniture,Sofas,EMI,23-08-2024,23,8,2024,Andrew Griffin,Illinois,Chicago
B-26144," $5,714.00 "," $1,438.00 ",6,Electronics,Electronic Games,Credit Card,23-08-2024,23,8,2024,Andrew Griffin,Illinois,Chicago
B-26144," $3,853.00 "," $1,457.00 ",10,Office Supplies,Binders,COD,23-08-2024,23,8,2024,Andrew Griffin,Illinois,Chicago
B-25346," $6,265.00 ", $155.00 ,8,Furniture,Sofas,COD,23-08-2022,23,8,2022,Reginald Hebert,Ohio,Cincinnati
B-26245," $4,172.00 ", $235.00 ,5,Office Supplies,Paper,EMI,22-08-2022,22,8,2022,Vincent Kramer,Florida,Orlando
B-26743," $7,684.00 "," $1,157.00 ",12,Furniture,Sofas,COD,21-08-2023,21,8,2023,Pamela Callahan DVM,Ohio,Columbus
B-26366," $6,584.00 ", $371.00 ,6,Office Supplies,Markers,UPI,21-08-2021,21,8,2021,James Mendoza,Ohio,Cleveland
B-26366," $4,706.00 ", $594.00 ,11,Office Supplies,Binders,COD,21-08-2021,21,8,2021,James Mendoza,Ohio,Cleveland
B-26033," $6,077.00 "," $2,378.00 ",18,Electronics,Phones,COD,21-08-2022,21,8,2022,Keith Brooks,New York,New York City
B-26032," $6,218.00 "," $1,125.00 ",5,Furniture,Tables,Debit Card,21-08-2020,21,8,2020,Scott Lewis,Texas,Houston
B-26032," $2,799.00 "," $1,239.00 ",5,Furniture,Sofas,Debit Card,21-08-2020,21,8,2020,Scott Lewis,Texas,Houston
B-26032," $5,167.00 ", $253.00 ,14,Electronics,Printers,Credit Card,21-08-2020,21,8,2020,Scott Lewis,Texas,Houston
B-26032," $8,346.00 "," $1,176.00 ",1,Electronics,Phones,COD,21-08-2020,21,8,2020,Scott Lewis,Texas,Houston
B-25730," $2,863.00 ", $205.00 ,17,Electronics,Phones,UPI,21-08-2023,21,8,2023,Austin White,California,Los Angeles
B-25730," $8,293.00 "," $2,632.00 ",8,Office Supplies,Binders,COD,21-08-2023,21,8,2023,Austin White,California,Los Angeles
B-25640, $670.00 , $85.00 ,9,Office Supplies,Pens,EMI,21-08-2023,21,8,2023,Claire Cole,Texas,Houston
B-25462," $5,730.00 ", $482.00 ,6,Electronics,Laptops,COD,21-08-2024,21,8,2024,Randy Acosta,Florida,Tampa
B-25443," $4,544.00 "," $1,726.00 ",9,Electronics,Phones,EMI,21-08-2024,21,8,2024,Kathy Wilson,Texas,Dallas
B-25443," $5,900.00 "," $1,738.00 ",20,Electronics,Phones,UPI,21-08-2024,21,8,2024,Kathy Wilson,Texas,Dallas
B-25267," $4,534.00 "," $2,235.00 ",4,Furniture,Tables,COD,21-08-2022,21,8,2022,Michael Bell,California,San Diego
B-25267," $9,894.00 ", $829.00 ,1,Office Supplies,Binders,COD,21-08-2022,21,8,2022,Michael Bell,California,San Diego
B-26572," $1,818.00 ", $738.00 ,11,Office Supplies,Markers,EMI,20-08-2022,20,8,2022,Austin Davis,California,San Diego
B-26572," $5,911.00 "," $2,333.00 ",14,Furniture,Bookcases,EMI,20-08-2022,20,8,2022,Austin Davis,California,San Diego
B-25504," $8,178.00 "," $2,462.00 ",10,Office Supplies,Pens,UPI,20-08-2023,20,8,2023,David Bell,California,Los Angeles
B-26393," $2,258.00 ", $135.00 ,18,Electronics,Printers,Credit Card,19-08-2022,19,8,2022,Stephen Hogan,California,San Diego
B-26219," $9,386.00 "," $2,555.00 ",20,Office Supplies,Markers,Credit Card,19-08-2020,19,8,2020,Mark Padilla,California,San Diego
B-25709," $1,109.00 ", $418.00 ,15,Office Supplies,Paper,UPI,19-08-2021,19,8,2021,Denise Mcdaniel,California,Los Angeles
B-25022," $6,646.00 ", $848.00 ,15,Furniture,Sofas,Debit Card,19-08-2023,19,8,2023,Nicole Dudley,New York,New York City
B-25660," $7,595.00 "," $2,873.00 ",4,Furniture,Chairs,Debit Card,18-08-2020,18,8,2020,Steven Cox,California,Los Angeles
B-26819," $8,762.00 "," $3,502.00 ",1,Electronics,Phones,Debit Card,17-08-2021,17,8,2021,Debra Richards,Florida,Tampa
B-26726," $3,176.00 ", $586.00 ,9,Furniture,Tables,EMI,17-08-2023,17,8,2023,Brandon Hughes,Texas,Dallas
B-26726," $7,213.00 ", $508.00 ,19,Electronics,Electronic Games,Debit Card,17-08-2023,17,8,2023,Brandon Hughes,Texas,Dallas
B-26332," $9,835.00 "," $2,571.00 ",16,Furniture,Tables,COD,17-08-2022,17,8,2022,Emily Ellison,California,Los Angeles
B-26332," $9,691.00 "," $3,056.00 ",13,Office Supplies,Markers,Credit Card,17-08-2022,17,8,2022,Emily Ellison,California,Los Angeles
B-26332," $7,826.00 "," $1,221.00 ",14,Furniture,Bookcases,UPI,17-08-2022,17,8,2022,Emily Ellison,California,Los Angeles
B-25827," $1,786.00 ", $224.00 ,4,Furniture,Tables,COD,17-08-2021,17,8,2021,Amanda Ramirez,Texas,Dallas
B-25326," $5,578.00 ", $277.00 ,16,Furniture,Tables,COD,17-08-2021,17,8,2021,Charlene Brown,Florida,Miami
B-25573," $2,119.00 ", $196.00 ,1,Furniture,Sofas,COD,16-08-2020,16,8,2020,Heather Johnson,California,Los Angeles
B-25541," $1,045.00 ", $267.00 ,11,Electronics,Phones,Debit Card,13-08-2021,13,8,2021,Michael Hanson,New York,Rochester
B-25541," $2,401.00 "," $1,163.00 ",10,Furniture,Bookcases,UPI,13-08-2021,13,8,2021,Michael Hanson,New York,Rochester
B-25388," $5,047.00 "," $2,211.00 ",13,Furniture,Sofas,EMI,13-08-2023,13,8,2023,Alexandra Moran,California,San Francisco
B-26939," $4,920.00 ", $775.00 ,12,Furniture,Tables,Debit Card,12-08-2021,12,8,2021,Theresa Medina,Illinois,Springfield
B-26939," $9,078.00 "," $2,213.00 ",15,Furniture,Bookcases,EMI,12-08-2021,12,8,2021,Theresa Medina,Illinois,Springfield
B-26796," $6,669.00 "," $3,063.00 ",19,Electronics,Printers,UPI,12-08-2023,12,8,2023,Mary Crawford,Ohio,Cincinnati
B-26752," $8,422.00 ", $893.00 ,18,Electronics,Printers,Debit Card,12-08-2022,12,8,2022,Christopher Espinoza,Ohio,Columbus
B-26752," $6,105.00 "," $1,447.00 ",8,Furniture,Bookcases,Credit Card,12-08-2022,12,8,2022,Christopher Espinoza,Ohio,Columbus
B-26556," $1,341.00 ", $615.00 ,4,Electronics,Laptops,UPI,12-08-2022,12,8,2022,Kimberly Greene,Florida,Orlando
B-25258," $6,951.00 ", $164.00 ,10,Furniture,Sofas,UPI,12-08-2021,12,8,2021,Sheila Clay,New York,Buffalo
B-26752," $8,422.00 ", $893.00 ,18,Electronics,Printers,Debit Card,11-08-2022,11,8,2022,Roy Miller,California,San Francisco
B-26752," $6,105.00 "," $1,447.00 ",8,Furniture,Bookcases,Credit Card,11-08-2022,11,8,2022,Roy Miller,California,San Francisco
B-25902," $7,493.00 ", $96.00 ,3,Electronics,Electronic Games,UPI,11-08-2020,11,8,2020,Theresa Cline,Ohio,Cleveland
B-25901," $9,883.00 "," $4,812.00 ",16,Office Supplies,Paper,UPI,11-08-2022,11,8,2022,Veronica Kelley,Florida,Orlando
B-25901," $5,210.00 "," $1,185.00 ",7,Office Supplies,Paper,UPI,11-08-2022,11,8,2022,Veronica Kelley,Florida,Orlando
B-25496," $3,095.00 ", $941.00 ,2,Office Supplies,Pens,EMI,11-08-2022,11,8,2022,Jessica Sloan,Texas,Austin
B-26565," $9,873.00 "," $4,585.00 ",7,Office Supplies,Paper,Credit Card,10-08-2020,10,8,2020,Maria Galvan,Ohio,Columbus
B-26402," $4,314.00 "," $1,453.00 ",6,Furniture,Sofas,COD,10-08-2021,10,8,2021,Christina Scott,Florida,Tampa
B-26106," $7,952.00 "," $3,865.00 ",8,Furniture,Sofas,Debit Card,10-08-2020,10,8,2020,Mr. Gregg Sawyer,Illinois,Peoria
B-25148," $1,067.00 ", $251.00 ,14,Furniture,Sofas,EMI,10-08-2022,10,8,2022,Carrie Smith,Illinois,Peoria
B-25148," $8,141.00 "," $3,968.00 ",18,Office Supplies,Markers,Debit Card,10-08-2022,10,8,2022,Carrie Smith,Illinois,Peoria
B-26906," $3,665.00 ", $802.00 ,4,Office Supplies,Markers,Credit Card,09-08-2021,9,8,2021,Brianna Hunt,Florida,Miami
B-26065," $7,930.00 "," $1,981.00 ",13,Furniture,Chairs,Credit Card,09-08-2024,9,8,2024,Rebecca Owen,Illinois,Springfield
B-25283," $5,448.00 "," $2,204.00 ",5,Furniture,Sofas,COD,09-08-2022,9,8,2022,Luis Warner,New York,New York City
B-25028," $1,961.00 ", $59.00 ,12,Office Supplies,Binders,UPI,09-08-2020,9,8,2020,Samantha Williams,Florida,Orlando
B-26899," $8,903.00 "," $4,401.00 ",18,Office Supplies,Pens,Credit Card,08-08-2022,8,8,2022,Christopher Jordan,Ohio,Columbus
B-26298," $2,082.00 ", $642.00 ,8,Electronics,Phones,EMI,07-08-2020,7,8,2020,Stephanie Oconnell,New York,Buffalo
B-25630," $5,951.00 ", $936.00 ,6,Electronics,Laptops,Debit Card,07-08-2024,7,8,2024,Charles Williams,Texas,Dallas
B-26317," $2,284.00 ", $149.00 ,20,Office Supplies,Pens,Debit Card,06-08-2021,6,8,2021,Laura Poole,New York,Rochester
B-25032," $5,591.00 "," $1,696.00 ",3,Office Supplies,Pens,COD,06-08-2024,6,8,2024,Denise Hampton,California,San Francisco
B-25032," $7,784.00 "," $2,937.00 ",12,Office Supplies,Markers,UPI,06-08-2024,6,8,2024,Denise Hampton,California,San Francisco
B-25032," $5,122.00 "," $2,413.00 ",12,Electronics,Electronic Games,COD,06-08-2024,6,8,2024,Denise Hampton,California,San Francisco
B-26929," $6,087.00 "," $3,043.00 ",1,Furniture,Sofas,COD,05-08-2020,5,8,2020,Kelly Roberts,New York,Buffalo
B-25880, $907.00 , $391.00 ,9,Office Supplies,Pens,Credit Card,04-08-2023,4,8,2023,Kaitlyn Graham MD,New York,New York City
B-25401," $6,017.00 "," $2,230.00 ",13,Electronics,Printers,Debit Card,04-08-2023,4,8,2023,Scott Craig,Illinois,Peoria
B-26545, $537.00 , $142.00 ,20,Office Supplies,Markers,EMI,02-08-2021,2,8,2021,Brent Thomas,Illinois,Peoria
B-26772," $7,344.00 "," $2,598.00 ",20,Furniture,Bookcases,COD,01-08-2022,1,8,2022,Paula Marshall,Texas,Dallas
B-25159," $5,338.00 "," $1,354.00 ",16,Office Supplies,Markers,UPI,01-08-2024,1,8,2024,Cassandra Jordan,Illinois,Peoria
B-26843," $4,591.00 "," $1,941.00 ",19,Electronics,Printers,EMI,31-07-2021,31,7,2021,Megan Williams,Texas,Dallas
B-26843," $9,612.00 "," $2,572.00 ",17,Office Supplies,Pens,Credit Card,31-07-2021,31,7,2021,Megan Williams,Texas,Dallas
B-26370," $8,825.00 "," $3,594.00 ",15,Furniture,Tables,Debit Card,31-07-2024,31,7,2024,Megan Mclean,New York,New York City
B-25564," $2,451.00 ", $342.00 ,8,Office Supplies,Paper,EMI,30-07-2024,30,7,2024,Zachary Pierce,Texas,Houston
B-25549," $4,609.00 "," $1,084.00 ",8,Electronics,Printers,UPI,30-07-2023,30,7,2023,Amy Duran MD,Florida,Orlando
B-25549," $4,734.00 ", $958.00 ,7,Electronics,Printers,Debit Card,30-07-2023,30,7,2023,Amy Duran MD,Florida,Orlando
B-25549," $2,328.00 ", $788.00 ,4,Office Supplies,Paper,UPI,30-07-2023,30,7,2023,Amy Duran MD,Florida,Orlando
B-26146," $2,239.00 "," $1,094.00 ",18,Electronics,Printers,COD,28-07-2024,28,7,2024,Megan Charles,Florida,Tampa
B-26146," $4,932.00 "," $1,153.00 ",1,Office Supplies,Markers,COD,28-07-2024,28,7,2024,Megan Charles,Florida,Tampa
B-25836," $2,695.00 ", $914.00 ,15,Furniture,Bookcases,Debit Card,28-07-2022,28,7,2022,Danielle Mitchell,Illinois,Peoria
B-25605," $4,026.00 ", $163.00 ,6,Electronics,Phones,COD,28-07-2023,28,7,2023,Randall Bell,New York,New York City
B-25477," $7,195.00 "," $1,665.00 ",7,Office Supplies,Markers,COD,27-07-2024,27,7,2024,Cynthia Smith,New York,Rochester
B-25630," $5,951.00 ", $936.00 ,6,Electronics,Laptops,Debit Card,26-07-2022,26,7,2022,Amy Page,Ohio,Columbus
B-26776," $4,975.00 "," $1,330.00 ",14,Electronics,Printers,UPI,25-07-2021,25,7,2021,Robert Stone,New York,Buffalo
B-26776," $9,726.00 "," $1,275.00 ",5,Electronics,Electronic Games,UPI,25-07-2021,25,7,2021,Robert Stone,New York,Buffalo
B-26137," $3,423.00 ", $804.00 ,4,Electronics,Printers,Credit Card,25-07-2020,25,7,2020,Angela Jackson,Texas,Dallas
B-25662," $5,346.00 "," $1,246.00 ",17,Furniture,Sofas,EMI,25-07-2022,25,7,2022,Eric Mason,Florida,Orlando
B-25437," $4,688.00 "," $1,841.00 ",3,Electronics,Laptops,Credit Card,25-07-2021,25,7,2021,Jillian Johnson MD,California,San Diego
B-25328," $8,780.00 "," $3,430.00 ",4,Electronics,Electronic Games,Credit Card,25-07-2023,25,7,2023,Jasmine James,Texas,Austin
B-25929, $962.00 , $298.00 ,18,Office Supplies,Binders,Credit Card,23-07-2022,23,7,2022,Matthew Parker,Illinois,Springfield
B-25964," $1,454.00 ", $80.00 ,20,Electronics,Electronic Games,Credit Card,22-07-2022,22,7,2022,Vincent Perez,New York,Rochester
B-25566," $3,877.00 ", $481.00 ,16,Furniture,Chairs,Debit Card,22-07-2023,22,7,2023,Kenneth Matthews,New York,Rochester
B-26279," $3,747.00 ", $410.00 ,5,Office Supplies,Markers,Credit Card,21-07-2021,21,7,2021,Jamie Santos,California,Los Angeles
B-26279," $3,194.00 ", $534.00 ,4,Office Supplies,Binders,UPI,21-07-2021,21,7,2021,Jamie Santos,California,Los Angeles
B-25196," $7,806.00 "," $1,127.00 ",1,Office Supplies,Markers,Credit Card,20-07-2023,20,7,2023,William Hill,Texas,Dallas
B-26987," $7,643.00 "," $3,720.00 ",19,Electronics,Electronic Games,EMI,18-07-2022,18,7,2022,Lynn Matthews,Texas,Dallas
B-26352," $4,936.00 ", $576.00 ,19,Furniture,Tables,COD,18-07-2023,18,7,2023,Marcus Brown,Illinois,Chicago
B-26352," $9,382.00 "," $1,085.00 ",3,Electronics,Printers,Debit Card,18-07-2023,18,7,2023,Marcus Brown,Illinois,Chicago
B-25971," $8,194.00 "," $2,881.00 ",6,Office Supplies,Paper,Debit Card,18-07-2021,18,7,2021,Kelly Pacheco,Texas,Houston
B-25931," $6,485.00 "," $3,178.00 ",18,Furniture,Sofas,UPI,18-07-2023,18,7,2023,Amanda Williams,Ohio,Columbus
B-25241," $9,905.00 ", $633.00 ,17,Office Supplies,Pens,EMI,18-07-2021,18,7,2021,John Munoz,Texas,Dallas
B-25157," $6,471.00 "," $2,842.00 ",18,Electronics,Electronic Games,UPI,18-07-2024,18,7,2024,Lisa Graham,Illinois,Peoria
B-25006," $5,831.00 "," $1,574.00 ",17,Office Supplies,Pens,Debit Card,18-07-2024,18,7,2024,Daniel Dixon,California,San Diego
B-26526, $599.00 , $265.00 ,4,Electronics,Phones,Credit Card,17-07-2022,17,7,2022,Emma Scott,New York,Buffalo
B-26526," $2,727.00 ", $543.00 ,10,Furniture,Bookcases,Credit Card,17-07-2022,17,7,2022,Emma Scott,New York,Buffalo
B-25331," $2,514.00 ", $95.00 ,8,Office Supplies,Pens,UPI,17-07-2023,17,7,2023,Miguel Alvarez,New York,Rochester
B-26795," $5,002.00 "," $1,801.00 ",11,Office Supplies,Markers,Credit Card,16-07-2023,16,7,2023,Karen Townsend,Texas,Houston
B-26795," $7,380.00 "," $1,673.00 ",18,Office Supplies,Markers,COD,16-07-2023,16,7,2023,Karen Townsend,Texas,Houston
B-26795," $5,224.00 "," $1,958.00 ",16,Furniture,Chairs,Credit Card,16-07-2023,16,7,2023,Karen Townsend,Texas,Houston
B-26757," $6,008.00 "," $2,498.00 ",17,Electronics,Phones,Credit Card,16-07-2022,16,7,2022,William Ruiz,Florida,Miami
B-26088," $6,932.00 "," $3,218.00 ",20,Office Supplies,Pens,COD,16-07-2020,16,7,2020,Natalie Cox,Florida,Orlando
B-25526," $2,666.00 ", $559.00 ,14,Furniture,Chairs,COD,16-07-2022,16,7,2022,Hannah Hendricks,Ohio,Cleveland
B-25006," $5,831.00 "," $1,574.00 ",17,Office Supplies,Pens,Debit Card,16-07-2023,16,7,2023,Tiffany Robinson,Florida,Miami
B-26932," $4,364.00 ", $148.00 ,18,Furniture,Tables,EMI,15-07-2022,15,7,2022,Michael Rodriguez,Ohio,Cincinnati
B-26932, $736.00 , $286.00 ,12,Office Supplies,Pens,EMI,15-07-2022,15,7,2022,Michael Rodriguez,Ohio,Cincinnati
B-25861," $9,989.00 "," $3,930.00 ",14,Furniture,Tables,Debit Card,15-07-2023,15,7,2023,Jennifer Chase,New York,Buffalo
B-25861," $9,851.00 "," $2,669.00 ",19,Electronics,Electronic Games,Debit Card,15-07-2023,15,7,2023,Jennifer Chase,New York,Buffalo
B-25022," $6,646.00 ", $848.00 ,15,Furniture,Sofas,Debit Card,14-07-2023,14,7,2023,Lori Colon,New York,Buffalo
B-26607," $1,085.00 ", $301.00 ,20,Furniture,Bookcases,UPI,13-07-2024,13,7,2024,Maria Miller,New York,Buffalo
B-26292," $4,183.00 "," $1,159.00 ",4,Office Supplies,Pens,Debit Card,13-07-2020,13,7,2020,Nathan Moss,Illinois,Springfield
B-26257," $5,460.00 "," $2,088.00 ",14,Furniture,Tables,Debit Card,13-07-2022,13,7,2022,Elizabeth Coffey,New York,Buffalo
B-25560," $7,533.00 "," $3,508.00 ",12,Furniture,Tables,UPI,13-07-2023,13,7,2023,Andrew Allen,California,San Diego
B-25560," $2,334.00 ", $484.00 ,3,Furniture,Sofas,Credit Card,13-07-2023,13,7,2023,Andrew Allen,California,San Diego
B-25560," $4,074.00 "," $1,175.00 ",6,Electronics,Electronic Games,Debit Card,13-07-2023,13,7,2023,Andrew Allen,California,San Diego
B-25560," $4,734.00 "," $1,178.00 ",16,Office Supplies,Binders,Credit Card,13-07-2023,13,7,2023,Andrew Allen,California,San Diego
B-26279," $3,747.00 ", $410.00 ,5,Office Supplies,Markers,Credit Card,12-07-2020,12,7,2020,Kristin Alvarez,Illinois,Springfield
B-26279," $3,194.00 ", $534.00 ,4,Office Supplies,Binders,UPI,12-07-2020,12,7,2020,Kristin Alvarez,Illinois,Springfield
B-25665," $8,962.00 "," $2,444.00 ",18,Electronics,Electronic Games,Debit Card,12-07-2021,12,7,2021,Carlos Wheeler,Ohio,Cleveland
B-26397," $6,200.00 "," $2,321.00 ",18,Furniture,Tables,Credit Card,11-07-2024,11,7,2024,Marcus Flores,California,Los Angeles
B-25120," $7,122.00 "," $1,836.00 ",6,Electronics,Phones,Debit Card,10-07-2023,10,7,2023,Ronald Frey Jr.,New York,New York City
B-25120," $7,327.00 "," $2,596.00 ",15,Office Supplies,Markers,Credit Card,10-07-2023,10,7,2023,Ronald Frey Jr.,New York,New York City
B-26496," $5,301.00 ", $817.00 ,10,Furniture,Tables,Debit Card,09-07-2024,9,7,2024,Daniel Mosley,California,Los Angeles
B-26496," $1,166.00 ", $520.00 ,12,Office Supplies,Paper,Debit Card,09-07-2024,9,7,2024,Daniel Mosley,California,Los Angeles
B-26496," $3,196.00 "," $1,411.00 ",15,Office Supplies,Paper,Debit Card,09-07-2024,9,7,2024,Daniel Mosley,California,Los Angeles
B-26496," $1,801.00 ", $641.00 ,20,Office Supplies,Markers,Credit Card,09-07-2024,9,7,2024,Daniel Mosley,California,Los Angeles
B-26240," $8,042.00 ", $936.00 ,15,Office Supplies,Markers,EMI,09-07-2021,9,7,2021,Michael Williams,Illinois,Springfield
B-26137," $3,423.00 ", $804.00 ,4,Electronics,Printers,Credit Card,09-07-2020,9,7,2020,Alan Livingston,Illinois,Peoria
B-26837, $869.00 , $373.00 ,14,Office Supplies,Paper,Credit Card,08-07-2021,8,7,2021,Larry Hill,New York,New York City
B-26837," $1,486.00 ", $114.00 ,7,Furniture,Bookcases,UPI,08-07-2021,8,7,2021,Larry Hill,New York,New York City
B-25200," $9,653.00 "," $2,471.00 ",6,Office Supplies,Paper,UPI,08-07-2024,8,7,2024,Marissa Hartman,New York,Buffalo
B-26347," $8,586.00 "," $3,826.00 ",7,Furniture,Bookcases,UPI,07-07-2023,7,7,2023,Lance Cain,Florida,Tampa
B-25328," $8,780.00 "," $3,430.00 ",4,Electronics,Electronic Games,Credit Card,07-07-2024,7,7,2024,Debra Smith,Texas,Austin
B-25387," $9,775.00 "," $4,507.00 ",5,Office Supplies,Markers,UPI,06-07-2020,6,7,2020,Amy Thompson,Ohio,Cincinnati
B-26365," $1,895.00 ", $391.00 ,14,Furniture,Tables,UPI,05-07-2024,5,7,2024,Mr. Curtis Bailey,Florida,Tampa
B-26365," $5,323.00 ", $322.00 ,13,Office Supplies,Binders,COD,05-07-2024,5,7,2024,Mr. Curtis Bailey,Florida,Tampa
B-25992," $8,572.00 "," $2,041.00 ",8,Furniture,Tables,EMI,05-07-2023,5,7,2023,Rebecca Huff,Illinois,Springfield
B-25992," $8,059.00 "," $1,834.00 ",10,Electronics,Printers,Credit Card,05-07-2023,5,7,2023,Rebecca Huff,Illinois,Springfield
B-25477," $7,195.00 "," $1,665.00 ",7,Office Supplies,Markers,COD,05-07-2022,5,7,2022,Olivia Dickerson,New York,Buffalo
B-25189," $7,620.00 ", $125.00 ,4,Office Supplies,Paper,EMI,05-07-2021,5,7,2021,Brandi Garcia,California,San Francisco
B-26120," $2,101.00 ", $287.00 ,8,Office Supplies,Pens,COD,04-07-2020,4,7,2020,Kimberly Fuller,Ohio,Cleveland
B-26098," $4,146.00 ", $865.00 ,19,Furniture,Tables,EMI,04-07-2022,4,7,2022,Kyle Baker,Texas,Houston
B-26098," $3,793.00 ", $875.00 ,7,Furniture,Tables,EMI,04-07-2022,4,7,2022,Kyle Baker,Texas,Houston
B-26018," $3,098.00 ", $957.00 ,18,Furniture,Bookcases,COD,04-07-2024,4,7,2024,Whitney Stout,Texas,Austin
B-25138," $1,778.00 ", $285.00 ,4,Office Supplies,Pens,Credit Card,04-07-2020,4,7,2020,Sylvia Jenkins,New York,New York City
B-25555," $4,051.00 "," $1,848.00 ",12,Electronics,Phones,Credit Card,03-07-2023,3,7,2023,Jessica Richardson,California,San Diego
B-25555," $5,011.00 ", $866.00 ,11,Furniture,Bookcases,Credit Card,03-07-2023,3,7,2023,Jessica Richardson,California,San Diego
B-26287, $822.00 , $147.00 ,5,Furniture,Sofas,Credit Card,02-07-2024,2,7,2024,Renee Solomon,Florida,Tampa
B-26287," $2,684.00 ", $670.00 ,2,Office Supplies,Paper,COD,02-07-2024,2,7,2024,Renee Solomon,Florida,Tampa
B-26287," $2,483.00 ", $236.00 ,2,Electronics,Electronic Games,COD,02-07-2024,2,7,2024,Renee Solomon,Florida,Tampa
B-26287," $9,730.00 "," $2,341.00 ",2,Furniture,Chairs,EMI,02-07-2024,2,7,2024,Renee Solomon,Florida,Tampa
B-25792," $4,751.00 ", $781.00 ,9,Office Supplies,Paper,EMI,02-07-2023,2,7,2023,Kyle Jackson,New York,Buffalo
B-25742," $9,565.00 "," $1,691.00 ",3,Office Supplies,Paper,Debit Card,02-07-2024,2,7,2024,Taylor White,Illinois,Springfield
B-25742," $8,245.00 ", $324.00 ,11,Office Supplies,Paper,EMI,02-07-2024,2,7,2024,Taylor White,Illinois,Springfield
B-26554," $7,564.00 "," $3,463.00 ",5,Office Supplies,Paper,Credit Card,01-07-2024,1,7,2024,Connie Olson,Texas,Houston
B-26554," $3,409.00 "," $1,605.00 ",20,Electronics,Electronic Games,UPI,01-07-2024,1,7,2024,Connie Olson,Texas,Houston
B-26222," $8,706.00 "," $3,099.00 ",14,Office Supplies,Pens,Credit Card,29-06-2022,29,6,2022,Carol Mitchell,Illinois,Chicago
B-26222," $4,708.00 ", $696.00 ,14,Electronics,Electronic Games,Credit Card,29-06-2022,29,6,2022,Carol Mitchell,Illinois,Chicago
B-26222," $8,089.00 "," $3,132.00 ",17,Furniture,Chairs,COD,29-06-2022,29,6,2022,Carol Mitchell,Illinois,Chicago
B-26776," $4,975.00 "," $1,330.00 ",14,Electronics,Printers,UPI,27-06-2023,27,6,2023,David Padilla,Florida,Miami
B-26776," $9,726.00 "," $1,275.00 ",5,Electronics,Electronic Games,UPI,27-06-2023,27,6,2023,David Padilla,Florida,Miami
B-26185," $1,591.00 ", $727.00 ,5,Electronics,Electronic Games,Credit Card,27-06-2022,27,6,2022,Emily Gill,Illinois,Springfield
B-25430," $7,169.00 "," $2,385.00 ",11,Furniture,Sofas,COD,27-06-2021,27,6,2021,Michael Rivera,California,Los Angeles
B-25430," $4,046.00 ", $417.00 ,18,Furniture,Chairs,Credit Card,27-06-2021,27,6,2021,Michael Rivera,California,Los Angeles
B-25131," $9,654.00 "," $4,111.00 ",1,Office Supplies,Paper,UPI,27-06-2022,27,6,2022,Timothy Murphy,California,San Francisco
B-25131," $3,112.00 "," $1,065.00 ",20,Office Supplies,Binders,COD,27-06-2022,27,6,2022,Timothy Murphy,California,San Francisco
B-26586," $2,239.00 ", $828.00 ,1,Electronics,Printers,UPI,26-06-2023,26,6,2023,Michael Gallegos,California,Los Angeles
B-26586," $2,450.00 "," $1,002.00 ",4,Electronics,Phones,Debit Card,26-06-2023,26,6,2023,Michael Gallegos,California,Los Angeles
B-25594," $2,931.00 ", $212.00 ,7,Electronics,Electronic Games,Credit Card,26-06-2024,26,6,2024,Michael Stewart,Illinois,Peoria
B-26938," $3,281.00 ", $471.00 ,7,Furniture,Sofas,EMI,25-06-2023,25,6,2023,Jacob Guzman,Illinois,Peoria
B-26212," $8,667.00 "," $1,266.00 ",6,Office Supplies,Paper,Debit Card,25-06-2024,25,6,2024,Janet Carlson,Florida,Miami
B-26212," $8,850.00 ", $279.00 ,13,Office Supplies,Markers,Debit Card,25-06-2024,25,6,2024,Janet Carlson,Florida,Miami
B-25965, $544.00 , $272.00 ,2,Electronics,Laptops,Debit Card,25-06-2023,25,6,2023,Michael Nash,New York,Buffalo
B-25465, $717.00 , $158.00 ,16,Furniture,Tables,Credit Card,24-06-2020,24,6,2020,Steven Frey,Florida,Miami
B-25465, $508.00 , $177.00 ,17,Furniture,Sofas,UPI,24-06-2020,24,6,2020,Steven Frey,Florida,Miami
B-25441," $9,914.00 "," $3,858.00 ",16,Furniture,Sofas,Credit Card,24-06-2022,24,6,2022,Jeffrey Weber,New York,Buffalo
B-25441," $5,470.00 ", $292.00 ,7,Office Supplies,Pens,Debit Card,24-06-2022,24,6,2022,Jeffrey Weber,New York,Buffalo
B-25441," $1,496.00 ", $662.00 ,17,Furniture,Bookcases,UPI,24-06-2022,24,6,2022,Jeffrey Weber,New York,Buffalo
B-26975," $1,755.00 ", $495.00 ,18,Office Supplies,Pens,UPI,23-06-2024,23,6,2024,Elizabeth Gonzalez,California,San Diego
B-26975," $8,020.00 "," $3,898.00 ",20,Electronics,Electronic Games,EMI,23-06-2024,23,6,2024,Elizabeth Gonzalez,California,San Diego
B-26975, $622.00 , $218.00 ,19,Furniture,Bookcases,Credit Card,23-06-2024,23,6,2024,Elizabeth Gonzalez,California,San Diego
B-26909," $7,786.00 "," $1,202.00 ",4,Furniture,Sofas,EMI,23-06-2020,23,6,2020,Daniel Brooks,Illinois,Peoria
B-26743," $7,684.00 "," $1,157.00 ",12,Furniture,Sofas,COD,23-06-2020,23,6,2020,Jacob Carpenter,New York,Buffalo
B-26928," $2,553.00 ", $907.00 ,6,Electronics,Laptops,Credit Card,22-06-2023,22,6,2023,William Carr,Texas,Dallas
B-25789," $3,659.00 ", $379.00 ,5,Furniture,Bookcases,UPI,22-06-2024,22,6,2024,John Silva,California,Los Angeles
B-26191," $8,994.00 "," $1,481.00 ",15,Electronics,Phones,Credit Card,21-06-2020,21,6,2020,James Bonilla,California,San Diego
B-25317," $2,472.00 ", $211.00 ,5,Electronics,Printers,COD,21-06-2020,21,6,2020,Sharon Russell,California,San Diego
B-25972," $4,911.00 ", $186.00 ,20,Electronics,Phones,Debit Card,19-06-2022,19,6,2022,Willie Huynh,New York,Buffalo
B-25972, $531.00 , $189.00 ,20,Furniture,Bookcases,Debit Card,19-06-2022,19,6,2022,Willie Huynh,New York,Buffalo
B-26613," $2,701.00 ", $322.00 ,11,Electronics,Printers,UPI,18-06-2022,18,6,2022,Amber Moore,New York,New York City
B-26613," $7,273.00 "," $2,702.00 ",18,Office Supplies,Paper,COD,18-06-2022,18,6,2022,Amber Moore,New York,New York City
B-26470," $3,090.00 ", $573.00 ,6,Furniture,Tables,EMI,18-06-2021,18,6,2021,Christine Mosley,Ohio,Cincinnati
B-26470," $9,683.00 "," $1,014.00 ",5,Electronics,Printers,UPI,18-06-2021,18,6,2021,Christine Mosley,Ohio,Cincinnati
B-25836," $2,695.00 ", $914.00 ,15,Furniture,Bookcases,Debit Card,17-06-2021,17,6,2021,Jesus Hernandez,California,Los Angeles
B-25004," $9,965.00 "," $3,033.00 ",16,Office Supplies,Markers,COD,17-06-2020,17,6,2020,Jennifer Marshall,California,San Francisco
B-26554," $7,564.00 "," $3,463.00 ",5,Office Supplies,Paper,Credit Card,16-06-2024,16,6,2024,Louis Jimenez,Florida,Tampa
B-26554," $3,409.00 "," $1,605.00 ",20,Electronics,Electronic Games,UPI,16-06-2024,16,6,2024,Louis Jimenez,Florida,Tampa
B-26528," $2,663.00 ", $64.00 ,19,Furniture,Sofas,COD,16-06-2024,16,6,2024,Donald Hernandez,California,San Francisco
B-26453," $1,231.00 ", $214.00 ,20,Electronics,Laptops,Debit Card,16-06-2020,16,6,2020,Jordan Hahn,New York,Rochester
B-25243," $7,733.00 "," $2,784.00 ",15,Furniture,Tables,EMI,16-06-2024,16,6,2024,Cory Evans,Florida,Orlando
B-25243," $8,524.00 ", $154.00 ,14,Furniture,Tables,COD,16-06-2024,16,6,2024,Cory Evans,Florida,Orlando
B-25243," $6,113.00 "," $2,508.00 ",6,Electronics,Laptops,UPI,16-06-2024,16,6,2024,Cory Evans,Florida,Orlando
B-25243," $6,187.00 "," $2,344.00 ",15,Furniture,Bookcases,EMI,16-06-2024,16,6,2024,Cory Evans,Florida,Orlando
B-26805," $7,664.00 "," $1,753.00 ",19,Electronics,Phones,Debit Card,15-06-2023,15,6,2023,Heather Gray,Ohio,Cincinnati
B-26675," $6,499.00 "," $2,189.00 ",18,Electronics,Electronic Games,EMI,15-06-2024,15,6,2024,Daniel Price,New York,New York City
B-26508," $9,894.00 "," $3,698.00 ",20,Office Supplies,Paper,EMI,15-06-2021,15,6,2021,Eric Stevens,Florida,Miami
B-26508," $9,204.00 "," $3,289.00 ",16,Electronics,Laptops,Credit Card,15-06-2021,15,6,2021,Eric Stevens,Florida,Miami
B-25873," $2,684.00 ", $713.00 ,2,Electronics,Electronic Games,UPI,15-06-2024,15,6,2024,Meghan Ballard,New York,New York City
B-25658," $1,290.00 ", $204.00 ,12,Office Supplies,Markers,UPI,15-06-2024,15,6,2024,Alison Martin,New York,Buffalo
B-25966," $6,093.00 "," $3,042.00 ",9,Furniture,Bookcases,Debit Card,14-06-2021,14,6,2021,Paul Taylor,California,San Francisco
B-26136," $9,144.00 "," $2,220.00 ",18,Office Supplies,Binders,Credit Card,13-06-2021,13,6,2021,Ronald Good,Florida,Miami
B-25991," $3,436.00 ", $933.00 ,3,Electronics,Electronic Games,Credit Card,13-06-2021,13,6,2021,Kyle Hernandez,Texas,Dallas
B-25620, $721.00 , $258.00 ,13,Electronics,Laptops,Debit Card,13-06-2022,13,6,2022,Micheal Graham,New York,Buffalo
B-25620," $8,364.00 "," $3,055.00 ",17,Electronics,Laptops,Credit Card,13-06-2022,13,6,2022,Micheal Graham,New York,Buffalo
B-25620," $5,234.00 "," $2,021.00 ",15,Furniture,Bookcases,EMI,13-06-2022,13,6,2022,Micheal Graham,New York,Buffalo
B-25325," $5,031.00 ", $714.00 ,4,Furniture,Tables,Credit Card,12-06-2024,12,6,2024,Jean Jackson,California,San Francisco
B-25325," $3,944.00 "," $1,559.00 ",18,Electronics,Phones,Credit Card,12-06-2024,12,6,2024,Jean Jackson,California,San Francisco
B-25325," $6,711.00 "," $1,045.00 ",12,Office Supplies,Pens,Credit Card,12-06-2024,12,6,2024,Jean Jackson,California,San Francisco
B-25325," $6,295.00 "," $2,469.00 ",14,Office Supplies,Binders,EMI,12-06-2024,12,6,2024,Jean Jackson,California,San Francisco
B-26678," $6,934.00 "," $1,226.00 ",1,Electronics,Electronic Games,Debit Card,11-06-2021,11,6,2021,Mr. Jack Mercado,Ohio,Cincinnati
B-25986," $1,314.00 ", $457.00 ,8,Furniture,Sofas,EMI,11-06-2021,11,6,2021,Tyrone White,California,San Diego
B-26332," $9,835.00 "," $2,571.00 ",16,Furniture,Tables,COD,10-06-2022,10,6,2022,George Foster,Texas,Dallas
B-26332," $9,691.00 "," $3,056.00 ",13,Office Supplies,Markers,Credit Card,10-06-2022,10,6,2022,George Foster,Texas,Dallas
B-26332," $7,826.00 "," $1,221.00 ",14,Furniture,Bookcases,UPI,10-06-2022,10,6,2022,George Foster,Texas,Dallas
B-25898," $7,091.00 "," $2,317.00 ",10,Furniture,Sofas,Credit Card,09-06-2022,9,6,2022,Monica Lee,California,San Diego
B-26576," $8,218.00 "," $1,430.00 ",19,Furniture,Bookcases,Credit Card,08-06-2023,8,6,2023,William Walters,California,San Francisco
B-26357," $9,879.00 "," $4,930.00 ",15,Electronics,Laptops,Debit Card,08-06-2023,8,6,2023,Brandi Vasquez,New York,Rochester
B-26213," $1,523.00 ", $234.00 ,3,Furniture,Sofas,UPI,08-06-2023,8,6,2023,Terri Madden,New York,Rochester
B-26213," $9,073.00 ", $424.00 ,7,Electronics,Electronic Games,Debit Card,08-06-2023,8,6,2023,Terri Madden,New York,Rochester
B-25695," $1,239.00 ", $575.00 ,17,Electronics,Laptops,UPI,08-06-2022,8,6,2022,Sarah Flores,Illinois,Springfield
B-25695," $1,262.00 ", $515.00 ,16,Electronics,Electronic Games,EMI,08-06-2022,8,6,2022,Sarah Flores,Illinois,Springfield
B-25441," $9,914.00 "," $3,858.00 ",16,Furniture,Sofas,Credit Card,08-06-2024,8,6,2024,Andrew Krueger,New York,Rochester
B-25441," $5,470.00 ", $292.00 ,7,Office Supplies,Pens,Debit Card,08-06-2024,8,6,2024,Andrew Krueger,New York,Rochester
B-25441," $1,496.00 ", $662.00 ,17,Furniture,Bookcases,UPI,08-06-2024,8,6,2024,Andrew Krueger,New York,Rochester
B-26890," $7,333.00 "," $1,576.00 ",4,Electronics,Laptops,Credit Card,07-06-2024,7,6,2024,Mr. Eric Lopez,New York,Buffalo
B-26750," $5,461.00 "," $1,214.00 ",7,Furniture,Sofas,Credit Card,07-06-2020,7,6,2020,Paul Zimmerman,New York,Rochester
B-25529," $1,626.00 ", $258.00 ,15,Office Supplies,Pens,EMI,07-06-2021,7,6,2021,Edward Johnson,Florida,Orlando
B-25159," $5,338.00 "," $1,354.00 ",16,Office Supplies,Markers,UPI,07-06-2023,7,6,2023,Evelyn Harris,New York,Buffalo
B-26324," $6,355.00 "," $1,335.00 ",15,Electronics,Electronic Games,Debit Card,06-06-2021,6,6,2021,Keith Reese,Texas,Austin
B-25953," $4,985.00 "," $1,920.00 ",10,Furniture,Bookcases,Credit Card,06-06-2022,6,6,2022,Nancy Sanchez,Illinois,Springfield
B-25953," $6,690.00 "," $1,001.00 ",19,Office Supplies,Binders,UPI,06-06-2022,6,6,2022,Nancy Sanchez,Illinois,Springfield
B-25166," $1,133.00 ", $73.00 ,17,Furniture,Chairs,UPI,06-06-2024,6,6,2024,Sarah Torres,California,San Diego
B-25166," $6,248.00 "," $1,168.00 ",19,Furniture,Bookcases,COD,06-06-2024,6,6,2024,Sarah Torres,California,San Diego
B-26844," $4,163.00 ", $897.00 ,14,Electronics,Electronic Games,COD,05-06-2021,5,6,2021,Marie Jefferson,Florida,Orlando
B-25873," $2,684.00 ", $713.00 ,2,Electronics,Electronic Games,UPI,05-06-2022,5,6,2022,Brian Wheeler,New York,Buffalo
B-25193," $8,974.00 "," $4,441.00 ",16,Electronics,Printers,EMI,05-06-2023,5,6,2023,Angela Todd,New York,New York City
B-26251, $883.00 , $127.00 ,7,Furniture,Chairs,COD,04-06-2023,4,6,2023,Brenda Murphy,California,San Francisco
B-26251," $4,539.00 "," $1,155.00 ",8,Furniture,Bookcases,Debit Card,04-06-2023,4,6,2023,Brenda Murphy,California,San Francisco
B-26251," $9,659.00 "," $2,226.00 ",16,Office Supplies,Binders,Debit Card,04-06-2023,4,6,2023,Brenda Murphy,California,San Francisco
B-26195, $874.00 , $235.00 ,15,Office Supplies,Binders,Debit Card,04-06-2021,4,6,2021,Christopher Johnson,Florida,Miami
B-25801," $6,390.00 "," $3,089.00 ",12,Office Supplies,Paper,COD,04-06-2022,4,6,2022,Kerri Andrews,California,San Francisco
B-25801," $6,829.00 "," $2,609.00 ",2,Electronics,Laptops,EMI,04-06-2022,4,6,2022,Kerri Andrews,California,San Francisco
B-26767," $6,724.00 "," $1,539.00 ",19,Furniture,Bookcases,COD,03-06-2021,3,6,2021,Nancy Keller,Texas,Dallas
B-26298," $2,082.00 ", $642.00 ,8,Electronics,Phones,EMI,02-06-2020,2,6,2020,Caitlin Hunt,New York,Rochester
B-26245," $4,172.00 ", $235.00 ,5,Office Supplies,Paper,EMI,02-06-2021,2,6,2021,Megan Morgan,Ohio,Cleveland
B-26114," $6,252.00 "," $1,377.00 ",2,Electronics,Printers,EMI,01-06-2023,1,6,2023,Sarah Montgomery,Illinois,Chicago
B-25889," $7,992.00 ", $893.00 ,12,Electronics,Laptops,Credit Card,31-05-2023,31,5,2023,Ashley Aguilar,Illinois,Chicago
B-25042," $6,903.00 ", $105.00 ,1,Furniture,Tables,COD,31-05-2024,31,5,2024,Spencer Spears,Illinois,Chicago
B-25042," $8,793.00 "," $3,010.00 ",7,Office Supplies,Pens,COD,31-05-2024,31,5,2024,Spencer Spears,Illinois,Chicago
B-26557," $6,864.00 "," $3,275.00 ",11,Furniture,Tables,Credit Card,30-05-2022,30,5,2022,Katherine Williams,Florida,Orlando
B-26557," $9,057.00 "," $1,888.00 ",19,Electronics,Printers,COD,30-05-2022,30,5,2022,Katherine Williams,Florida,Orlando
B-26557," $9,200.00 ", $809.00 ,13,Electronics,Laptops,COD,30-05-2022,30,5,2022,Katherine Williams,Florida,Orlando
B-25553," $9,380.00 ", $414.00 ,11,Electronics,Phones,UPI,30-05-2024,30,5,2024,Karen Johnson,New York,Rochester
B-25553," $4,080.00 ", $72.00 ,17,Office Supplies,Paper,COD,30-05-2024,30,5,2024,Karen Johnson,New York,Rochester
B-25553," $8,558.00 "," $1,644.00 ",18,Office Supplies,Binders,Credit Card,30-05-2024,30,5,2024,Karen Johnson,New York,Rochester
B-26739," $2,689.00 "," $1,330.00 ",3,Furniture,Tables,UPI,29-05-2024,29,5,2024,Brooke Gonzalez,Florida,Miami
B-26195, $874.00 , $235.00 ,15,Office Supplies,Binders,Debit Card,29-05-2023,29,5,2023,Bryan Brown,New York,Rochester
B-25383," $5,410.00 "," $2,456.00 ",8,Furniture,Chairs,Credit Card,29-05-2024,29,5,2024,Kayla Becker,California,Los Angeles
B-26419," $3,657.00 ", $163.00 ,1,Furniture,Sofas,UPI,28-05-2021,28,5,2021,John Stevens,California,San Francisco
B-25870," $5,557.00 "," $2,114.00 ",17,Electronics,Laptops,EMI,28-05-2021,28,5,2021,Angela Roberts,Ohio,Cleveland
B-25106," $9,090.00 "," $3,098.00 ",16,Electronics,Phones,Credit Card,28-05-2024,28,5,2024,Dr. Jennifer Benton DVM,Illinois,Springfield
B-25106, $851.00 , $356.00 ,11,Electronics,Electronic Games,Credit Card,28-05-2024,28,5,2024,Dr. Jennifer Benton DVM,Illinois,Springfield
B-26470," $3,090.00 ", $573.00 ,6,Furniture,Tables,EMI,27-05-2023,27,5,2023,Ashley Rodriguez,Texas,Austin
B-26470," $9,683.00 "," $1,014.00 ",5,Electronics,Printers,UPI,27-05-2023,27,5,2023,Ashley Rodriguez,Texas,Austin
B-25992," $8,572.00 "," $2,041.00 ",8,Furniture,Tables,EMI,27-05-2021,27,5,2021,Alicia Oneill,Illinois,Springfield
B-25992," $8,059.00 "," $1,834.00 ",10,Electronics,Printers,Credit Card,27-05-2021,27,5,2021,Alicia Oneill,Illinois,Springfield
B-25774," $8,861.00 "," $3,381.00 ",19,Office Supplies,Markers,Credit Card,27-05-2021,27,5,2021,Brandon Le,California,San Diego
B-25228," $6,061.00 "," $2,121.00 ",19,Electronics,Laptops,EMI,27-05-2021,27,5,2021,Jodi Wood,Ohio,Cleveland
B-25170," $1,031.00 ", $318.00 ,20,Electronics,Electronic Games,UPI,27-05-2022,27,5,2022,Matthew Gardner,Florida,Tampa
B-25170," $8,560.00 "," $2,166.00 ",19,Office Supplies,Binders,EMI,27-05-2022,27,5,2022,Matthew Gardner,Florida,Tampa
B-26792," $3,288.00 "," $1,477.00 ",3,Office Supplies,Pens,EMI,26-05-2024,26,5,2024,Andrew Macias,Texas,Austin
B-25697, $815.00 , $54.00 ,14,Furniture,Tables,Debit Card,25-05-2021,25,5,2021,Victoria Bryant MD,California,San Francisco
B-26896," $6,488.00 "," $1,591.00 ",18,Electronics,Printers,EMI,24-05-2023,24,5,2023,Morgan Mccarthy,Texas,Dallas
B-26522," $5,994.00 "," $2,826.00 ",9,Furniture,Bookcases,EMI,24-05-2023,24,5,2023,John Thomas,California,San Francisco
B-25762," $2,858.00 ", $482.00 ,13,Electronics,Electronic Games,COD,24-05-2024,24,5,2024,Jason Wilson,Texas,Austin
B-25502," $8,490.00 ", $800.00 ,1,Office Supplies,Pens,EMI,24-05-2020,24,5,2020,Tammy Day,New York,New York City
B-25369," $1,579.00 ", $602.00 ,9,Electronics,Laptops,Credit Card,24-05-2020,24,5,2020,Lauren Jones,Ohio,Cincinnati
B-25369," $3,760.00 "," $1,849.00 ",19,Furniture,Chairs,EMI,24-05-2020,24,5,2020,Lauren Jones,Ohio,Cincinnati
B-26734, $847.00 , $355.00 ,17,Furniture,Tables,COD,23-05-2022,23,5,2022,James Garcia,New York,Buffalo
B-26656," $8,055.00 ", $661.00 ,10,Electronics,Phones,EMI,23-05-2020,23,5,2020,Matthew Huff,California,San Diego
B-26656," $3,573.00 ", $562.00 ,7,Office Supplies,Pens,EMI,23-05-2020,23,5,2020,Matthew Huff,California,San Diego
B-25413," $2,465.00 ", $699.00 ,18,Office Supplies,Markers,Debit Card,22-05-2020,22,5,2020,James Williams,California,San Francisco
B-26789," $4,699.00 ", $103.00 ,12,Office Supplies,Binders,UPI,21-05-2024,21,5,2024,Cheryl Johnson,Ohio,Cincinnati
B-26138," $3,084.00 ", $611.00 ,19,Furniture,Bookcases,UPI,21-05-2024,21,5,2024,Carl Ryan,Texas,Dallas
B-26309," $6,672.00 "," $3,319.00 ",4,Furniture,Tables,UPI,20-05-2024,20,5,2024,John Jones,California,San Diego
B-26383," $7,967.00 "," $2,504.00 ",13,Electronics,Printers,EMI,19-05-2023,19,5,2023,Eddie Gonzales,Ohio,Cleveland
B-26383, $798.00 , $308.00 ,10,Electronics,Phones,Debit Card,19-05-2023,19,5,2023,Eddie Gonzales,Ohio,Cleveland
B-25983," $1,166.00 ", $349.00 ,11,Furniture,Tables,Credit Card,19-05-2024,19,5,2024,Jeffrey Kline,Florida,Miami
B-25983," $6,517.00 "," $1,581.00 ",10,Office Supplies,Paper,Debit Card,19-05-2024,19,5,2024,Jeffrey Kline,Florida,Miami
B-26153," $4,906.00 ", $975.00 ,7,Furniture,Tables,Debit Card,18-05-2022,18,5,2022,Laura Yu,Texas,Houston
B-25884," $9,538.00 "," $3,158.00 ",20,Electronics,Printers,Credit Card,18-05-2021,18,5,2021,Wanda West,Ohio,Cleveland
B-25884," $9,035.00 "," $1,227.00 ",14,Furniture,Chairs,EMI,18-05-2021,18,5,2021,Wanda West,Ohio,Cleveland
B-26454," $9,109.00 ", $586.00 ,17,Furniture,Sofas,EMI,17-05-2020,17,5,2020,Becky Leach,Florida,Miami
B-25681," $3,854.00 ", $245.00 ,19,Electronics,Laptops,COD,17-05-2022,17,5,2022,Robert Hill,Ohio,Columbus
B-26803," $7,957.00 ", $965.00 ,4,Furniture,Sofas,Credit Card,16-05-2022,16,5,2022,Elizabeth White,New York,Rochester
B-26803," $9,399.00 "," $1,949.00 ",12,Electronics,Printers,UPI,16-05-2022,16,5,2022,Elizabeth White,New York,Rochester
B-26366," $6,584.00 ", $371.00 ,6,Office Supplies,Markers,UPI,16-05-2021,16,5,2021,Kaitlin Garrison,Ohio,Columbus
B-26366," $4,706.00 ", $594.00 ,11,Office Supplies,Binders,COD,16-05-2021,16,5,2021,Kaitlin Garrison,Ohio,Columbus
B-26352," $4,936.00 ", $576.00 ,19,Furniture,Tables,COD,16-05-2022,16,5,2022,Annette Pierce,New York,Rochester
B-26352," $9,382.00 "," $1,085.00 ",3,Electronics,Printers,Debit Card,16-05-2022,16,5,2022,Annette Pierce,New York,Rochester
B-25326," $5,578.00 ", $277.00 ,16,Furniture,Tables,COD,16-05-2022,16,5,2022,Charles Smith,Ohio,Columbus
B-25780," $5,335.00 ", $322.00 ,15,Electronics,Electronic Games,COD,15-05-2022,15,5,2022,Jessica Greene,New York,New York City
B-25738," $9,909.00 "," $2,999.00 ",18,Office Supplies,Markers,COD,15-05-2021,15,5,2021,Albert Alexander Jr.,Ohio,Cleveland
B-25983," $1,166.00 ", $349.00 ,11,Furniture,Tables,Credit Card,14-05-2020,14,5,2020,Ryan Bullock,Florida,Tampa
B-25983," $6,517.00 "," $1,581.00 ",10,Office Supplies,Paper,Debit Card,14-05-2020,14,5,2020,Ryan Bullock,Florida,Tampa
B-25815," $8,531.00 "," $2,555.00 ",4,Electronics,Laptops,EMI,14-05-2022,14,5,2022,Jasmine Gibbs,Texas,Austin
B-25237," $5,250.00 ", $187.00 ,1,Office Supplies,Binders,COD,14-05-2023,14,5,2023,David Hamilton,Texas,Houston
B-25038, $738.00 , $342.00 ,2,Furniture,Chairs,Debit Card,14-05-2024,14,5,2024,Jeff Duncan,Ohio,Cincinnati
B-26145," $7,441.00 ", $867.00 ,12,Furniture,Sofas,COD,13-05-2020,13,5,2020,Robert Michael,Texas,Austin
B-25979," $9,562.00 ", $325.00 ,2,Electronics,Printers,Debit Card,13-05-2022,13,5,2022,Andrew Kirby,California,San Diego
B-25251," $2,895.00 ", $104.00 ,6,Furniture,Chairs,COD,13-05-2024,13,5,2024,Tiffany Parker,Texas,Houston
B-25251, $697.00 , $116.00 ,1,Furniture,Chairs,UPI,13-05-2024,13,5,2024,Tiffany Parker,Texas,Houston
B-25747," $7,131.00 ", $718.00 ,12,Electronics,Printers,UPI,12-05-2021,12,5,2021,Jessica Kidd,New York,Buffalo
B-25747," $2,962.00 "," $1,470.00 ",1,Electronics,Phones,COD,12-05-2021,12,5,2021,Jessica Kidd,New York,Buffalo
B-25747," $4,200.00 ", $855.00 ,10,Office Supplies,Markers,EMI,12-05-2021,12,5,2021,Jessica Kidd,New York,Buffalo
B-26942," $1,525.00 ", $185.00 ,12,Office Supplies,Pens,Debit Card,11-05-2024,11,5,2024,John Fields,Florida,Orlando
B-25873," $2,684.00 ", $713.00 ,2,Electronics,Electronic Games,UPI,11-05-2020,11,5,2020,William Rosario,Texas,Dallas
B-25777," $6,236.00 "," $2,839.00 ",7,Electronics,Printers,Credit Card,10-05-2022,10,5,2022,Chad Brown,Florida,Orlando
B-25363," $3,918.00 ", $749.00 ,8,Electronics,Laptops,Credit Card,10-05-2023,10,5,2023,Jamie Bradley,California,San Diego
B-26904, $594.00 , $67.00 ,19,Office Supplies,Paper,Debit Card,08-05-2024,8,5,2024,Devon Schmitt,Texas,Austin
B-25555," $4,051.00 "," $1,848.00 ",12,Electronics,Phones,Credit Card,08-05-2021,8,5,2021,Kimberly Warren,Ohio,Cincinnati
B-25555," $5,011.00 ", $866.00 ,11,Furniture,Bookcases,Credit Card,08-05-2021,8,5,2021,Kimberly Warren,Ohio,Cincinnati
B-25510," $2,478.00 ", $92.00 ,12,Furniture,Bookcases,COD,08-05-2023,8,5,2023,Jason Randolph,California,San Francisco
B-26587," $8,982.00 ", $448.00 ,17,Furniture,Sofas,UPI,07-05-2021,7,5,2021,Angela Lyons,New York,New York City
B-26587," $4,826.00 ", $562.00 ,5,Office Supplies,Paper,Debit Card,07-05-2021,7,5,2021,Angela Lyons,New York,New York City
B-25662," $5,346.00 "," $1,246.00 ",17,Furniture,Sofas,EMI,07-05-2022,7,5,2022,Lisa Lowe,Florida,Miami
B-26668, $972.00 , $106.00 ,15,Office Supplies,Pens,EMI,06-05-2022,6,5,2022,Betty Tucker,Ohio,Cincinnati
B-25537," $6,123.00 "," $1,686.00 ",3,Office Supplies,Markers,Credit Card,06-05-2022,6,5,2022,Roger Morrison,Ohio,Cincinnati
B-25388," $5,047.00 "," $2,211.00 ",13,Furniture,Sofas,EMI,06-05-2022,6,5,2022,Mark Boyle,New York,Buffalo
B-25645," $8,383.00 ", $937.00 ,4,Furniture,Sofas,UPI,05-05-2024,5,5,2024,Brett Mullins,Florida,Orlando
B-26612," $8,930.00 "," $3,374.00 ",12,Furniture,Sofas,Debit Card,04-05-2020,4,5,2020,Aaron Kim,New York,Buffalo
B-26612," $6,528.00 ", $76.00 ,9,Electronics,Phones,Debit Card,04-05-2020,4,5,2020,Aaron Kim,New York,Buffalo
B-26137," $3,423.00 ", $804.00 ,4,Electronics,Printers,Credit Card,04-05-2020,4,5,2020,Laura Jordan,Texas,Dallas
B-26065," $7,930.00 "," $1,981.00 ",13,Furniture,Chairs,Credit Card,04-05-2023,4,5,2023,Kaitlyn Flores,Ohio,Cleveland
B-25889," $7,992.00 ", $893.00 ,12,Electronics,Laptops,Credit Card,04-05-2023,4,5,2023,Shannon Warren,New York,New York City
B-25541," $1,045.00 ", $267.00 ,11,Electronics,Phones,Debit Card,04-05-2023,4,5,2023,April Marquez,Ohio,Cleveland
B-25541," $2,401.00 "," $1,163.00 ",10,Furniture,Bookcases,UPI,04-05-2023,4,5,2023,April Marquez,Ohio,Cleveland
B-25447," $5,028.00 "," $1,553.00 ",13,Office Supplies,Paper,EMI,04-05-2020,4,5,2020,Amber Kennedy,Florida,Tampa
B-25426," $1,023.00 ", $78.00 ,9,Furniture,Tables,UPI,04-05-2020,4,5,2020,Mary Taylor,Florida,Orlando
B-25426," $7,626.00 "," $1,046.00 ",15,Furniture,Sofas,Credit Card,04-05-2020,4,5,2020,Mary Taylor,Florida,Orlando
B-25426," $6,851.00 "," $2,812.00 ",1,Office Supplies,Markers,Debit Card,04-05-2020,4,5,2020,Mary Taylor,Florida,Orlando
B-26552," $2,804.00 ", $936.00 ,10,Electronics,Electronic Games,Credit Card,03-05-2023,3,5,2023,Mrs. Rachel Cannon DDS,Florida,Tampa
B-25456," $5,632.00 "," $2,358.00 ",20,Furniture,Sofas,Credit Card,03-05-2021,3,5,2021,Alexis Duffy,California,Los Angeles
B-25065," $6,596.00 "," $1,439.00 ",9,Office Supplies,Paper,Debit Card,03-05-2023,3,5,2023,Craig Ortega,Ohio,Cincinnati
B-26409," $3,024.00 "," $1,353.00 ",1,Furniture,Sofas,Credit Card,02-05-2024,2,5,2024,Scott Harris,California,Los Angeles
B-26319, $992.00 , $64.00 ,6,Electronics,Phones,Credit Card,02-05-2020,2,5,2020,Andrew Fernandez,Ohio,Cincinnati
B-26319," $6,381.00 "," $2,763.00 ",20,Office Supplies,Markers,UPI,02-05-2020,2,5,2020,Andrew Fernandez,Ohio,Cincinnati
B-26319," $7,748.00 "," $1,706.00 ",16,Electronics,Electronic Games,EMI,02-05-2020,2,5,2020,Andrew Fernandez,Ohio,Cincinnati
B-25881," $8,709.00 "," $2,322.00 ",8,Furniture,Tables,Debit Card,02-05-2024,2,5,2024,Sherri Ferguson DVM,Texas,Austin
B-25363," $3,918.00 ", $749.00 ,8,Electronics,Laptops,Credit Card,02-05-2020,2,5,2020,Robert Martinez,Texas,Houston
B-26839," $6,034.00 ", $608.00 ,8,Electronics,Phones,EMI,01-05-2022,1,5,2022,Sarah Wagner,Texas,Houston
B-26839," $8,956.00 "," $3,359.00 ",13,Furniture,Bookcases,Credit Card,01-05-2022,1,5,2022,Sarah Wagner,Texas,Houston
B-26425," $6,891.00 "," $2,529.00 ",3,Office Supplies,Binders,Debit Card,01-05-2024,1,5,2024,William Cook,Ohio,Cleveland
B-26969," $8,856.00 "," $2,020.00 ",9,Office Supplies,Pens,Debit Card,30-04-2021,30,4,2021,Peter Ward,New York,Rochester
B-26969," $3,348.00 ", $568.00 ,5,Office Supplies,Markers,Credit Card,30-04-2021,30,4,2021,Peter Ward,New York,Rochester
B-26922," $3,957.00 ", $151.00 ,10,Office Supplies,Binders,EMI,30-04-2022,30,4,2022,Timothy Baker,Texas,Austin
B-26910," $9,680.00 "," $3,295.00 ",9,Furniture,Tables,COD,29-04-2024,29,4,2024,Mr. Ralph Garcia Jr.,New York,Rochester
B-26910," $8,468.00 "," $3,666.00 ",8,Office Supplies,Pens,UPI,29-04-2024,29,4,2024,Mr. Ralph Garcia Jr.,New York,Rochester
B-26910," $4,441.00 ", $314.00 ,14,Furniture,Chairs,Debit Card,29-04-2024,29,4,2024,Mr. Ralph Garcia Jr.,New York,Rochester
B-26679," $3,234.00 "," $1,274.00 ",10,Furniture,Tables,EMI,29-04-2020,29,4,2020,Richard Lee,New York,Buffalo
B-26679," $8,102.00 "," $1,800.00 ",5,Office Supplies,Markers,UPI,29-04-2020,29,4,2020,Richard Lee,New York,Buffalo
B-25916," $2,858.00 ", $230.00 ,3,Furniture,Tables,Credit Card,29-04-2024,29,4,2024,Claudia Curry,Texas,Austin
B-25916," $8,175.00 ", $525.00 ,7,Furniture,Sofas,Credit Card,29-04-2024,29,4,2024,Claudia Curry,Texas,Austin
B-25916," $5,846.00 ", $586.00 ,18,Furniture,Sofas,UPI,29-04-2024,29,4,2024,Claudia Curry,Texas,Austin
B-25916," $6,009.00 "," $2,107.00 ",7,Electronics,Phones,UPI,29-04-2024,29,4,2024,Claudia Curry,Texas,Austin
B-25684," $3,560.00 "," $1,335.00 ",15,Electronics,Electronic Games,COD,29-04-2020,29,4,2020,Duane Kelly,New York,New York City
B-26353," $6,304.00 ", $766.00 ,14,Furniture,Tables,EMI,28-04-2023,28,4,2023,Robert Stokes,Florida,Orlando
B-26353," $5,317.00 "," $1,345.00 ",18,Furniture,Chairs,Debit Card,28-04-2023,28,4,2023,Robert Stokes,Florida,Orlando
B-25038, $738.00 , $342.00 ,2,Furniture,Chairs,Debit Card,28-04-2023,28,4,2023,Terry Mcdaniel,Ohio,Cincinnati
B-25705," $9,335.00 ", $557.00 ,11,Electronics,Electronic Games,COD,27-04-2021,27,4,2021,Ann Mooney,California,Los Angeles
B-25251," $2,895.00 ", $104.00 ,6,Furniture,Chairs,COD,27-04-2020,27,4,2020,Donald York,New York,Buffalo
B-25251, $697.00 , $116.00 ,1,Furniture,Chairs,UPI,27-04-2020,27,4,2020,Donald York,New York,Buffalo
B-25846," $8,706.00 "," $1,724.00 ",3,Electronics,Electronic Games,Debit Card,25-04-2020,25,4,2020,Erin Vasquez,Florida,Orlando
B-25707," $4,904.00 ", $469.00 ,2,Office Supplies,Pens,Debit Card,25-04-2020,25,4,2020,Kaitlin Brown,Texas,Dallas
B-25707," $3,080.00 ", $737.00 ,6,Office Supplies,Binders,UPI,25-04-2020,25,4,2020,Kaitlin Brown,Texas,Dallas
B-25198," $9,840.00 "," $3,870.00 ",11,Electronics,Printers,Debit Card,25-04-2023,25,4,2023,Cynthia Ferguson,Texas,Austin
B-25120," $7,122.00 "," $1,836.00 ",6,Electronics,Phones,Debit Card,25-04-2024,25,4,2024,James Clarke,Texas,Dallas
B-25120," $7,327.00 "," $2,596.00 ",15,Office Supplies,Markers,Credit Card,25-04-2024,25,4,2024,James Clarke,Texas,Dallas
B-26059," $6,212.00 "," $1,881.00 ",17,Electronics,Phones,COD,24-04-2022,24,4,2022,Wesley Deleon,Illinois,Springfield
B-26059," $4,462.00 ", $121.00 ,8,Electronics,Laptops,COD,24-04-2022,24,4,2022,Wesley Deleon,Illinois,Springfield
B-25510," $2,478.00 ", $92.00 ,12,Furniture,Bookcases,COD,24-04-2023,24,4,2023,Anthony Evans,Ohio,Cleveland
B-25222," $4,852.00 ", $218.00 ,2,Furniture,Tables,EMI,24-04-2024,24,4,2024,Alicia Allen,Texas,Dallas
B-26288," $5,344.00 "," $2,607.00 ",6,Office Supplies,Paper,Debit Card,23-04-2022,23,4,2022,James Murray,Texas,Dallas
B-25226," $9,808.00 "," $2,117.00 ",2,Office Supplies,Pens,UPI,23-04-2024,23,4,2024,Nicole Warren,California,Los Angeles
B-25541," $1,045.00 ", $267.00 ,11,Electronics,Phones,Debit Card,22-04-2020,22,4,2020,Joseph Guerrero,California,Los Angeles
B-25541," $2,401.00 "," $1,163.00 ",10,Furniture,Bookcases,UPI,22-04-2020,22,4,2020,Joseph Guerrero,California,Los Angeles
B-26478," $2,542.00 ", $190.00 ,1,Office Supplies,Markers,Credit Card,21-04-2022,21,4,2022,James Tanner,Texas,Houston
B-26972," $6,956.00 ", $318.00 ,20,Office Supplies,Markers,Debit Card,19-04-2022,19,4,2022,Steven Haynes,Illinois,Springfield
B-26257," $5,460.00 "," $2,088.00 ",14,Furniture,Tables,Debit Card,19-04-2020,19,4,2020,Joseph Clark,Ohio,Cincinnati
B-25703," $9,438.00 "," $1,801.00 ",4,Electronics,Electronic Games,COD,19-04-2023,19,4,2023,Steven Acosta,Florida,Orlando
B-25660," $7,595.00 "," $2,873.00 ",4,Furniture,Chairs,Debit Card,19-04-2022,19,4,2022,Cynthia Rodriguez,New York,Rochester
B-25496," $3,095.00 ", $941.00 ,2,Office Supplies,Pens,EMI,19-04-2022,19,4,2022,Maria Carroll,Ohio,Cleveland
B-25036," $2,737.00 "," $1,253.00 ",3,Electronics,Printers,EMI,19-04-2021,19,4,2021,Joseph Bates,New York,New York City
B-26656," $8,055.00 ", $661.00 ,10,Electronics,Phones,EMI,18-04-2020,18,4,2020,Linda Little,Florida,Tampa
B-26656," $3,573.00 ", $562.00 ,7,Office Supplies,Pens,EMI,18-04-2020,18,4,2020,Linda Little,Florida,Tampa
B-25603," $9,272.00 "," $1,771.00 ",19,Office Supplies,Markers,UPI,18-04-2020,18,4,2020,Lauren Boyer,Texas,Dallas
B-26580," $4,007.00 ", $201.00 ,13,Furniture,Bookcases,COD,17-04-2023,17,4,2023,Kyle Dickson,Texas,Dallas
B-26032," $6,218.00 "," $1,125.00 ",5,Furniture,Tables,Debit Card,17-04-2023,17,4,2023,Eric Griffith,Illinois,Chicago
B-26032," $2,799.00 "," $1,239.00 ",5,Furniture,Sofas,Debit Card,17-04-2023,17,4,2023,Eric Griffith,Illinois,Chicago
B-26032," $5,167.00 ", $253.00 ,14,Electronics,Printers,Credit Card,17-04-2023,17,4,2023,Eric Griffith,Illinois,Chicago
B-26032," $8,346.00 "," $1,176.00 ",1,Electronics,Phones,COD,17-04-2023,17,4,2023,Eric Griffith,Illinois,Chicago
B-25352," $3,333.00 ", $700.00 ,18,Electronics,Printers,COD,17-04-2023,17,4,2023,Jacob Stewart,Florida,Miami
B-26993," $3,083.00 "," $1,151.00 ",16,Furniture,Bookcases,Debit Card,16-04-2022,16,4,2022,William Villarreal,Florida,Orlando
B-26573," $6,783.00 "," $3,306.00 ",8,Furniture,Sofas,Debit Card,16-04-2020,16,4,2020,Felicia Morton,Ohio,Columbus
B-26245," $4,172.00 ", $235.00 ,5,Office Supplies,Paper,EMI,16-04-2024,16,4,2024,Raymond Bean,Illinois,Springfield
B-26159," $7,700.00 "," $2,712.00 ",1,Furniture,Sofas,Credit Card,16-04-2024,16,4,2024,Richard Petersen,Illinois,Chicago
B-26159," $7,484.00 "," $2,871.00 ",15,Electronics,Phones,UPI,16-04-2024,16,4,2024,Richard Petersen,Illinois,Chicago
B-26017," $5,379.00 "," $2,510.00 ",17,Electronics,Printers,COD,16-04-2022,16,4,2022,Jason Martinez,Ohio,Columbus
B-25895," $7,478.00 "," $1,381.00 ",11,Electronics,Phones,EMI,16-04-2024,16,4,2024,Donald Medina,Texas,Houston
B-25044," $9,849.00 ", $963.00 ,1,Office Supplies,Pens,Credit Card,16-04-2024,16,4,2024,April Welch,Illinois,Springfield
B-25044," $2,493.00 "," $1,221.00 ",9,Office Supplies,Paper,Credit Card,16-04-2024,16,4,2024,April Welch,Illinois,Springfield
B-25936," $9,992.00 "," $3,696.00 ",20,Office Supplies,Pens,Debit Card,15-04-2022,15,4,2022,Susan Burke,Texas,Austin
B-25936," $9,619.00 "," $3,420.00 ",7,Office Supplies,Binders,UPI,15-04-2022,15,4,2022,Susan Burke,Texas,Austin
B-25715," $6,089.00 ", $139.00 ,19,Furniture,Tables,Debit Card,15-04-2022,15,4,2022,Kenneth Adams,Ohio,Cleveland
B-25715," $2,586.00 ", $800.00 ,16,Furniture,Tables,UPI,15-04-2022,15,4,2022,Kenneth Adams,Ohio,Cleveland
B-25715," $3,757.00 "," $1,626.00 ",9,Office Supplies,Paper,UPI,15-04-2022,15,4,2022,Kenneth Adams,Ohio,Cleveland
B-26167," $5,343.00 ", $655.00 ,1,Furniture,Chairs,EMI,13-04-2024,13,4,2024,Shane Clark,California,San Diego
B-25872," $2,588.00 ", $705.00 ,16,Office Supplies,Pens,Credit Card,13-04-2020,13,4,2020,Shelly Sweeney,New York,New York City
B-25872," $3,808.00 "," $1,192.00 ",4,Office Supplies,Markers,UPI,13-04-2020,13,4,2020,Shelly Sweeney,New York,New York City
B-26445," $9,921.00 "," $1,451.00 ",15,Furniture,Sofas,EMI,12-04-2021,12,4,2021,Christopher Rogers,Illinois,Chicago
B-26224," $5,564.00 ", $175.00 ,11,Electronics,Laptops,COD,12-04-2022,12,4,2022,Mr. John Tyler PhD,Texas,Houston
B-26224," $3,953.00 "," $1,776.00 ",15,Electronics,Electronic Games,UPI,12-04-2022,12,4,2022,Mr. John Tyler PhD,Texas,Houston
B-26898," $2,174.00 ", $265.00 ,19,Office Supplies,Pens,Credit Card,11-04-2022,11,4,2022,Dean Avila,Ohio,Cincinnati
B-26898," $8,541.00 "," $2,029.00 ",12,Electronics,Electronic Games,Credit Card,11-04-2022,11,4,2022,Dean Avila,Ohio,Cincinnati
B-26898," $1,931.00 ", $551.00 ,3,Furniture,Bookcases,EMI,11-04-2022,11,4,2022,Dean Avila,Ohio,Cincinnati
B-25978," $6,622.00 "," $2,673.00 ",8,Furniture,Sofas,COD,10-04-2024,10,4,2024,Malik Walker,New York,New York City
B-26120," $2,101.00 ", $287.00 ,8,Office Supplies,Pens,COD,09-04-2023,9,4,2023,Erica Scott,Illinois,Chicago
B-26837, $869.00 , $373.00 ,14,Office Supplies,Paper,Credit Card,08-04-2020,8,4,2020,Amber Moon,Ohio,Cleveland
B-26837," $1,486.00 ", $114.00 ,7,Furniture,Bookcases,UPI,08-04-2020,8,4,2020,Amber Moon,Ohio,Cleveland
B-26240," $8,042.00 ", $936.00 ,15,Office Supplies,Markers,EMI,08-04-2022,8,4,2022,Zachary Carpenter,California,Los Angeles
B-25227," $4,761.00 "," $2,231.00 ",12,Furniture,Tables,UPI,08-04-2020,8,4,2020,Donald Perry,Florida,Orlando
B-25227," $4,115.00 "," $1,285.00 ",1,Furniture,Sofas,UPI,08-04-2020,8,4,2020,Donald Perry,Florida,Orlando
B-26955," $7,301.00 "," $3,602.00 ",3,Office Supplies,Binders,Debit Card,07-04-2024,7,4,2024,Kristine Carter,Texas,Houston
B-26215," $4,171.00 "," $1,450.00 ",18,Office Supplies,Markers,COD,07-04-2023,7,4,2023,Richard Lyons,Texas,Dallas
B-26026," $7,355.00 "," $1,034.00 ",3,Furniture,Sofas,COD,06-04-2023,6,4,2023,Katherine Harris,California,Los Angeles
B-26026," $1,843.00 ", $248.00 ,3,Electronics,Phones,Credit Card,06-04-2023,6,4,2023,Katherine Harris,California,Los Angeles
B-26026," $1,603.00 ", $361.00 ,10,Office Supplies,Pens,Debit Card,06-04-2023,6,4,2023,Katherine Harris,California,Los Angeles
B-26026, $953.00 , $93.00 ,2,Office Supplies,Paper,Debit Card,06-04-2023,6,4,2023,Katherine Harris,California,Los Angeles
B-26730," $6,139.00 ", $451.00 ,10,Furniture,Tables,Debit Card,05-04-2021,5,4,2021,Jacqueline Harris,Texas,Houston
B-26730," $4,439.00 "," $1,712.00 ",19,Furniture,Sofas,Credit Card,05-04-2021,5,4,2021,Jacqueline Harris,Texas,Houston
B-26730," $8,636.00 "," $3,192.00 ",3,Furniture,Chairs,COD,05-04-2021,5,4,2021,Jacqueline Harris,Texas,Houston
B-26628," $9,609.00 "," $4,339.00 ",3,Furniture,Sofas,Debit Card,05-04-2020,5,4,2020,Sara Bailey,Ohio,Cincinnati
B-25715," $6,089.00 ", $139.00 ,19,Furniture,Tables,Debit Card,05-04-2023,5,4,2023,Shelby Browning,Illinois,Chicago
B-25715," $2,586.00 ", $800.00 ,16,Furniture,Tables,UPI,05-04-2023,5,4,2023,Shelby Browning,Illinois,Chicago
B-25715," $3,757.00 "," $1,626.00 ",9,Office Supplies,Paper,UPI,05-04-2023,5,4,2023,Shelby Browning,Illinois,Chicago
B-25746," $8,243.00 "," $1,346.00 ",15,Office Supplies,Binders,Debit Card,04-04-2021,4,4,2021,Manuel Walls,Texas,Houston
B-25427," $7,702.00 ", $60.00 ,19,Electronics,Printers,UPI,04-04-2020,4,4,2020,Richard Blair,Florida,Miami
B-25427," $9,884.00 "," $4,446.00 ",7,Electronics,Printers,EMI,04-04-2020,4,4,2020,Richard Blair,Florida,Miami
B-25427," $5,035.00 "," $2,008.00 ",2,Furniture,Chairs,COD,04-04-2020,4,4,2020,Richard Blair,Florida,Miami
B-26675," $6,499.00 "," $2,189.00 ",18,Electronics,Electronic Games,EMI,03-04-2021,3,4,2021,James Perez,Florida,Orlando
B-26268," $4,369.00 ", $584.00 ,13,Office Supplies,Pens,Credit Card,03-04-2021,3,4,2021,Crystal Ross,Texas,Austin
B-26926," $4,629.00 "," $1,660.00 ",16,Office Supplies,Markers,EMI,02-04-2023,2,4,2023,Steven Herrera,California,San Diego
B-26622," $2,225.00 ", $589.00 ,7,Furniture,Sofas,Credit Card,02-04-2020,2,4,2020,Timothy Jensen,Florida,Orlando
B-26622," $9,536.00 "," $1,437.00 ",9,Electronics,Phones,UPI,02-04-2020,2,4,2020,Timothy Jensen,Florida,Orlando
B-25234," $5,024.00 ", $379.00 ,2,Office Supplies,Paper,UPI,02-04-2024,2,4,2024,Nancy Kennedy,Texas,Dallas
B-26863," $4,037.00 "," $1,494.00 ",15,Furniture,Chairs,EMI,01-04-2023,1,4,2023,Brenda Davis,California,San Francisco
B-25106," $9,090.00 "," $3,098.00 ",16,Electronics,Phones,Credit Card,01-04-2021,1,4,2021,Luke Saunders,Texas,Dallas
B-25106, $851.00 , $356.00 ,11,Electronics,Electronic Games,Credit Card,01-04-2021,1,4,2021,Luke Saunders,Texas,Dallas
B-26523," $2,850.00 ", $904.00 ,6,Electronics,Phones,EMI,31-03-2020,31,3,2020,Jasmine Delgado,Illinois,Chicago
B-26523," $8,204.00 "," $2,382.00 ",6,Office Supplies,Pens,UPI,31-03-2020,31,3,2020,Jasmine Delgado,Illinois,Chicago
B-26456," $5,954.00 "," $2,618.00 ",11,Furniture,Tables,COD,30-03-2024,30,3,2024,Robert Mosley,Ohio,Cincinnati
B-25851," $3,273.00 ", $85.00 ,16,Electronics,Phones,UPI,30-03-2024,30,3,2024,Julie Chavez,Ohio,Cincinnati
B-26259," $1,757.00 ", $622.00 ,10,Furniture,Chairs,UPI,29-03-2022,29,3,2022,Douglas Mcfarland,Ohio,Cleveland
B-25861," $9,989.00 "," $3,930.00 ",14,Furniture,Tables,Debit Card,28-03-2022,28,3,2022,Tammy Anthony,Ohio,Cleveland
B-25861," $9,851.00 "," $2,669.00 ",19,Electronics,Electronic Games,Debit Card,28-03-2022,28,3,2022,Tammy Anthony,Ohio,Cleveland
B-25655," $4,099.00 ", $52.00 ,18,Electronics,Laptops,UPI,28-03-2022,28,3,2022,Russell Austin,New York,New York City
B-25024," $9,002.00 "," $4,197.00 ",2,Office Supplies,Markers,EMI,28-03-2021,28,3,2021,Megan Pitts,Ohio,Columbus
B-26598," $1,093.00 ", $397.00 ,17,Electronics,Printers,Credit Card,27-03-2024,27,3,2024,Jessica Barajas,Illinois,Peoria
B-26598," $2,636.00 ", $88.00 ,11,Office Supplies,Paper,Debit Card,27-03-2024,27,3,2024,Jessica Barajas,Illinois,Peoria
B-26279," $3,747.00 ", $410.00 ,5,Office Supplies,Markers,Credit Card,27-03-2024,27,3,2024,Mrs. Lauren Potter DDS,Ohio,Columbus
B-26279," $3,194.00 ", $534.00 ,4,Office Supplies,Binders,UPI,27-03-2024,27,3,2024,Mrs. Lauren Potter DDS,Ohio,Columbus
B-25568," $7,811.00 "," $1,538.00 ",12,Furniture,Sofas,COD,25-03-2022,25,3,2022,Melissa Peck,Florida,Miami
B-25025," $6,447.00 "," $3,079.00 ",20,Electronics,Laptops,COD,25-03-2021,25,3,2021,James Gutierrez,New York,Rochester
B-25025," $8,947.00 "," $2,807.00 ",6,Electronics,Electronic Games,Credit Card,25-03-2021,25,3,2021,James Gutierrez,New York,Rochester
B-26469," $1,165.00 ", $51.00 ,3,Office Supplies,Pens,EMI,24-03-2021,24,3,2021,Eric Clark,Florida,Orlando
B-26469," $7,856.00 "," $3,699.00 ",17,Electronics,Electronic Games,UPI,24-03-2021,24,3,2021,Eric Clark,Florida,Orlando
B-25714," $6,962.00 "," $3,429.00 ",12,Electronics,Electronic Games,UPI,24-03-2024,24,3,2024,Charles Lane,Texas,Dallas
B-25400," $7,759.00 "," $3,741.00 ",17,Electronics,Printers,UPI,24-03-2021,24,3,2021,Maria Thomas,Florida,Miami
B-25400," $7,521.00 "," $3,457.00 ",16,Office Supplies,Markers,Debit Card,24-03-2021,24,3,2021,Maria Thomas,Florida,Miami
B-25673," $5,306.00 "," $2,405.00 ",17,Furniture,Tables,EMI,23-03-2024,23,3,2024,Kimberly Fuller,New York,Buffalo
B-25465, $717.00 , $158.00 ,16,Furniture,Tables,Credit Card,23-03-2022,23,3,2022,Tony Ray,Ohio,Cleveland
B-25465, $508.00 , $177.00 ,17,Furniture,Sofas,UPI,23-03-2022,23,3,2022,Tony Ray,Ohio,Cleveland
B-25102," $2,975.00 ", $462.00 ,14,Office Supplies,Pens,Credit Card,23-03-2020,23,3,2020,Jessica Anderson,New York,New York City
B-26610," $4,957.00 "," $1,152.00 ",8,Office Supplies,Markers,Credit Card,22-03-2022,22,3,2022,Meghan Rush,Ohio,Cleveland
B-25665," $8,962.00 "," $2,444.00 ",18,Electronics,Electronic Games,Debit Card,22-03-2020,22,3,2020,Isabella Roach,Illinois,Peoria
B-26443," $9,869.00 "," $4,299.00 ",12,Electronics,Printers,Debit Card,21-03-2023,21,3,2023,Dale Craig,California,San Diego
B-25905," $8,490.00 "," $3,485.00 ",3,Electronics,Phones,Credit Card,21-03-2023,21,3,2023,Jeffrey Dixon,New York,New York City
B-25894," $9,316.00 "," $3,003.00 ",13,Furniture,Sofas,Credit Card,21-03-2023,21,3,2023,Tammy Bell,Ohio,Cincinnati
B-25894," $8,200.00 ", $257.00 ,19,Electronics,Laptops,COD,21-03-2023,21,3,2023,Tammy Bell,Ohio,Cincinnati
B-25894," $6,379.00 "," $3,128.00 ",15,Electronics,Electronic Games,COD,21-03-2023,21,3,2023,Tammy Bell,Ohio,Cincinnati
B-25381," $4,220.00 ", $945.00 ,13,Office Supplies,Markers,EMI,21-03-2024,21,3,2024,Barry Garcia,Illinois,Springfield
B-25153," $8,526.00 "," $1,704.00 ",4,Office Supplies,Binders,Debit Card,21-03-2023,21,3,2023,Patricia Sanford,Texas,Austin
B-25010," $7,870.00 "," $1,057.00 ",15,Office Supplies,Pens,Credit Card,21-03-2021,21,3,2021,James Hickman,Ohio,Cleveland
B-25919," $2,140.00 ", $970.00 ,4,Office Supplies,Paper,Credit Card,20-03-2022,20,3,2022,Jonathan Reed,California,San Francisco
B-25919," $2,670.00 "," $1,026.00 ",1,Electronics,Laptops,Debit Card,20-03-2022,20,3,2022,Jonathan Reed,California,San Francisco
B-25171," $3,234.00 "," $1,029.00 ",20,Office Supplies,Markers,Credit Card,20-03-2022,20,3,2022,David Figueroa,Florida,Miami
B-25510," $2,478.00 ", $92.00 ,12,Furniture,Bookcases,COD,18-03-2021,18,3,2021,Mrs. Stephanie Hooper,California,San Francisco
B-25423," $6,385.00 "," $2,656.00 ",11,Electronics,Printers,Credit Card,18-03-2023,18,3,2023,Matthew Kelley,Florida,Orlando
B-26603," $5,944.00 "," $2,661.00 ",7,Electronics,Laptops,EMI,17-03-2022,17,3,2022,Harold Mitchell,Texas,Austin
B-26522," $5,994.00 "," $2,826.00 ",9,Furniture,Bookcases,EMI,17-03-2024,17,3,2024,Sarah Miller,New York,New York City
B-26209," $8,776.00 "," $2,529.00 ",15,Furniture,Sofas,Credit Card,17-03-2024,17,3,2024,Bianca Brown,Ohio,Columbus
B-26209," $4,404.00 ", $858.00 ,17,Office Supplies,Pens,Debit Card,17-03-2024,17,3,2024,Bianca Brown,Ohio,Columbus
B-25237," $5,250.00 ", $187.00 ,1,Office Supplies,Binders,COD,17-03-2022,17,3,2022,Jim Johnson,Ohio,Cincinnati
B-25684," $3,560.00 "," $1,335.00 ",15,Electronics,Electronic Games,COD,16-03-2023,16,3,2023,Frank Reynolds,Illinois,Springfield
B-25515," $4,468.00 "," $1,940.00 ",9,Office Supplies,Paper,COD,16-03-2022,16,3,2022,Seth Rodriguez,Florida,Tampa
B-26543," $7,067.00 "," $1,943.00 ",16,Furniture,Tables,Credit Card,15-03-2022,15,3,2022,Nicolas Owen,California,San Francisco
B-25976," $4,307.00 ", $615.00 ,3,Electronics,Electronic Games,UPI,15-03-2024,15,3,2024,Martha Carney,New York,New York City
B-25976," $5,694.00 "," $1,134.00 ",5,Furniture,Chairs,EMI,15-03-2024,15,3,2024,Martha Carney,New York,New York City
B-25580," $1,010.00 ", $58.00 ,19,Electronics,Electronic Games,COD,15-03-2025,15,3,2025,Dr. Terry Alvarado,Florida,Tampa
B-26185," $1,591.00 ", $727.00 ,5,Electronics,Electronic Games,Credit Card,14-03-2021,14,3,2021,Brian Patrick,Florida,Tampa
B-26019," $9,845.00 "," $3,062.00 ",9,Office Supplies,Paper,COD,14-03-2025,14,3,2025,Elizabeth Hernandez,Florida,Orlando
B-25071," $6,147.00 "," $2,526.00 ",6,Office Supplies,Pens,Debit Card,14-03-2023,14,3,2023,Hailey Chandler,Texas,Dallas
B-26601," $4,382.00 ", $482.00 ,17,Electronics,Electronic Games,COD,13-03-2024,13,3,2024,Melinda Montoya,California,San Francisco
B-26601," $9,574.00 "," $4,045.00 ",19,Furniture,Bookcases,UPI,13-03-2024,13,3,2024,Melinda Montoya,California,San Francisco
B-25813, $702.00 , $238.00 ,9,Electronics,Phones,COD,13-03-2021,13,3,2021,Charles Henderson,Florida,Tampa
B-26522," $5,994.00 "," $2,826.00 ",9,Furniture,Bookcases,EMI,12-03-2024,12,3,2024,Bryan Anderson,California,Los Angeles
B-25346," $6,265.00 ", $155.00 ,8,Furniture,Sofas,COD,12-03-2021,12,3,2021,Jeremy Vazquez,Ohio,Cleveland
B-25735," $7,122.00 "," $1,982.00 ",7,Office Supplies,Markers,EMI,11-03-2024,11,3,2024,Bryan Baird,Illinois,Peoria
B-26842," $5,916.00 "," $1,594.00 ",19,Electronics,Printers,Debit Card,10-03-2024,10,3,2024,Joseph Perkins,Florida,Orlando
B-26842," $6,402.00 "," $2,770.00 ",19,Office Supplies,Markers,Debit Card,10-03-2024,10,3,2024,Joseph Perkins,Florida,Orlando
B-26076," $2,750.00 "," $1,239.00 ",11,Electronics,Phones,Debit Card,10-03-2025,10,3,2025,Vanessa Bauer,New York,Buffalo
B-26076," $8,639.00 "," $3,104.00 ",19,Office Supplies,Pens,EMI,10-03-2025,10,3,2025,Vanessa Bauer,New York,Buffalo
B-25945," $9,952.00 "," $3,301.00 ",15,Electronics,Electronic Games,Debit Card,10-03-2023,10,3,2023,Tanya Thomas MD,Texas,Dallas
B-25120," $7,122.00 "," $1,836.00 ",6,Electronics,Phones,Debit Card,10-03-2023,10,3,2023,Julia Gallagher,Texas,Houston
B-25120," $7,327.00 "," $2,596.00 ",15,Office Supplies,Markers,Credit Card,10-03-2023,10,3,2023,Julia Gallagher,Texas,Houston
B-26835," $5,427.00 ", $728.00 ,3,Electronics,Phones,UPI,09-03-2023,9,3,2023,Keith Smith,Florida,Miami
B-26986," $7,900.00 ", $482.00 ,4,Electronics,Phones,COD,08-03-2025,8,3,2025,William Martin,Ohio,Columbus
B-25809," $2,685.00 ", $379.00 ,18,Electronics,Phones,UPI,08-03-2022,8,3,2022,Kelly Smith,Ohio,Cleveland
B-25809," $4,548.00 "," $2,135.00 ",8,Office Supplies,Markers,Debit Card,08-03-2022,8,3,2022,Kelly Smith,Ohio,Cleveland
B-25809," $6,184.00 ", $50.00 ,14,Electronics,Electronic Games,Credit Card,08-03-2022,8,3,2022,Kelly Smith,Ohio,Cleveland
B-25809," $9,916.00 "," $4,602.00 ",14,Furniture,Chairs,UPI,08-03-2022,8,3,2022,Kelly Smith,Ohio,Cleveland
B-26978," $1,108.00 ", $167.00 ,18,Electronics,Laptops,Debit Card,07-03-2025,7,3,2025,Roger Harris,Illinois,Springfield
B-26978, $535.00 , $72.00 ,6,Furniture,Bookcases,COD,07-03-2025,7,3,2025,Roger Harris,Illinois,Springfield
B-26978," $9,776.00 "," $3,750.00 ",9,Office Supplies,Binders,UPI,07-03-2025,7,3,2025,Roger Harris,Illinois,Springfield
B-25897," $5,393.00 "," $2,642.00 ",8,Furniture,Chairs,UPI,07-03-2021,7,3,2021,Jessica Blankenship,Ohio,Cincinnati
B-25885," $4,948.00 "," $2,356.00 ",18,Electronics,Printers,Debit Card,06-03-2021,6,3,2021,Dawn Howard,Texas,Houston
B-25885," $9,704.00 "," $4,339.00 ",12,Office Supplies,Pens,COD,06-03-2021,6,3,2021,Dawn Howard,Texas,Houston
B-25885," $6,435.00 ", $334.00 ,10,Electronics,Electronic Games,Debit Card,06-03-2021,6,3,2021,Dawn Howard,Texas,Houston
B-25965, $544.00 , $272.00 ,2,Electronics,Laptops,Debit Card,05-03-2021,5,3,2021,Tanner Vance,Texas,Houston
B-26321," $2,062.00 ", $848.00 ,6,Office Supplies,Markers,Credit Card,04-03-2024,4,3,2024,Christine Wheeler,Florida,Tampa
B-25303, $770.00 , $241.00 ,11,Furniture,Sofas,COD,04-03-2023,4,3,2023,Michelle Hunter,Ohio,Cincinnati
B-25510," $2,478.00 ", $92.00 ,12,Furniture,Bookcases,COD,03-03-2021,3,3,2021,Laura Andrews,New York,New York City
B-26969," $8,856.00 "," $2,020.00 ",9,Office Supplies,Pens,Debit Card,02-03-2024,2,3,2024,Connie Richards,Ohio,Cleveland
B-26969," $3,348.00 ", $568.00 ,5,Office Supplies,Markers,Credit Card,02-03-2024,2,3,2024,Connie Richards,Ohio,Cleveland
B-26299," $2,776.00 ", $887.00 ,9,Electronics,Phones,Debit Card,01-03-2023,1,3,2023,Lauren Harris,Ohio,Cleveland
B-26299," $1,676.00 ", $330.00 ,14,Electronics,Laptops,EMI,01-03-2023,1,3,2023,Lauren Harris,Ohio,Cleveland
B-26299," $3,927.00 "," $1,133.00 ",12,Furniture,Bookcases,COD,01-03-2023,1,3,2023,Lauren Harris,Ohio,Cleveland
B-25999," $2,740.00 ", $558.00 ,8,Office Supplies,Pens,UPI,01-03-2025,1,3,2025,Raymond Reyes,California,San Diego
B-25999," $7,895.00 "," $1,005.00 ",1,Furniture,Chairs,Credit Card,01-03-2025,1,3,2025,Raymond Reyes,California,San Diego
B-25966," $6,093.00 "," $3,042.00 ",9,Furniture,Bookcases,Debit Card,01-03-2021,1,3,2021,Susan Baker,California,San Diego
B-26924," $1,083.00 ", $501.00 ,6,Office Supplies,Pens,COD,28-02-2021,28,2,2021,David Johnson,Texas,Austin
B-26069," $3,577.00 ", $699.00 ,2,Furniture,Tables,UPI,28-02-2022,28,2,2022,Jeffrey Wilcox,Illinois,Peoria
B-26069, $838.00 , $271.00 ,11,Office Supplies,Markers,EMI,28-02-2022,28,2,2022,Jeffrey Wilcox,Illinois,Peoria
B-25856," $3,731.00 ", $647.00 ,1,Office Supplies,Pens,Credit Card,28-02-2023,28,2,2023,Monica Gibson,Illinois,Springfield
B-25856," $3,428.00 ", $350.00 ,1,Furniture,Chairs,Credit Card,28-02-2023,28,2,2023,Monica Gibson,Illinois,Springfield
B-25856," $7,223.00 "," $2,433.00 ",12,Office Supplies,Binders,Credit Card,28-02-2023,28,2,2023,Monica Gibson,Illinois,Springfield
B-25830," $3,839.00 "," $1,415.00 ",10,Office Supplies,Binders,UPI,28-02-2022,28,2,2022,Andrew Benson,Florida,Orlando
B-25552," $8,788.00 "," $3,944.00 ",19,Office Supplies,Paper,EMI,28-02-2023,28,2,2023,Danny Ramirez,New York,New York City
B-25552," $1,732.00 ", $766.00 ,7,Office Supplies,Binders,UPI,28-02-2023,28,2,2023,Danny Ramirez,New York,New York City
B-25329," $5,412.00 "," $1,192.00 ",18,Furniture,Tables,Credit Card,28-02-2024,28,2,2024,Stephanie Flores,California,San Diego
B-26844," $4,163.00 ", $897.00 ,14,Electronics,Electronic Games,COD,27-02-2025,27,2,2025,Ryan Hale,Ohio,Cleveland
B-26820," $5,402.00 "," $1,666.00 ",12,Furniture,Bookcases,EMI,26-02-2025,26,2,2025,Kimberly Beard,Ohio,Cleveland
B-26730," $6,139.00 ", $451.00 ,10,Furniture,Tables,Debit Card,26-02-2022,26,2,2022,David Smith,Florida,Orlando
B-26730," $4,439.00 "," $1,712.00 ",19,Furniture,Sofas,Credit Card,26-02-2022,26,2,2022,David Smith,Florida,Orlando
B-26730," $8,636.00 "," $3,192.00 ",3,Furniture,Chairs,COD,26-02-2022,26,2,2022,David Smith,Florida,Orlando
B-26508," $9,894.00 "," $3,698.00 ",20,Office Supplies,Paper,EMI,25-02-2024,25,2,2024,Christopher Kirk,Florida,Miami
B-26508," $9,204.00 "," $3,289.00 ",16,Electronics,Laptops,Credit Card,25-02-2024,25,2,2024,Christopher Kirk,Florida,Miami
B-26277," $2,323.00 ", $727.00 ,7,Furniture,Tables,COD,24-02-2022,24,2,2022,Matthew Harris,Texas,Dallas
B-26277," $1,368.00 ", $406.00 ,9,Furniture,Bookcases,UPI,24-02-2022,24,2,2022,Matthew Harris,Texas,Dallas
B-25832," $6,129.00 "," $2,976.00 ",2,Electronics,Laptops,EMI,24-02-2025,24,2,2025,Jennifer Arnold,New York,New York City
B-25832," $4,395.00 "," $1,663.00 ",3,Furniture,Bookcases,COD,24-02-2025,24,2,2025,Jennifer Arnold,New York,New York City
B-25501," $9,874.00 "," $3,895.00 ",4,Office Supplies,Binders,EMI,24-02-2025,24,2,2025,Michelle Anderson,Ohio,Cleveland
B-26747, $576.00 , $76.00 ,13,Furniture,Sofas,UPI,23-02-2022,23,2,2022,Amy Wilson,California,Los Angeles
B-26747," $3,574.00 ", $851.00 ,4,Electronics,Printers,Credit Card,23-02-2022,23,2,2022,Amy Wilson,California,Los Angeles
B-26185," $1,591.00 ", $727.00 ,5,Electronics,Electronic Games,Credit Card,23-02-2022,23,2,2022,Dr. Sarah Booth,Ohio,Cincinnati
B-25166," $1,133.00 ", $73.00 ,17,Furniture,Chairs,UPI,23-02-2023,23,2,2023,Richard Castaneda,Ohio,Cleveland
B-25166," $6,248.00 "," $1,168.00 ",19,Furniture,Bookcases,COD,23-02-2023,23,2,2023,Richard Castaneda,Ohio,Cleveland
B-26598," $1,093.00 ", $397.00 ,17,Electronics,Printers,Credit Card,22-02-2022,22,2,2022,James Carter,Ohio,Columbus
B-26598," $2,636.00 ", $88.00 ,11,Office Supplies,Paper,Debit Card,22-02-2022,22,2,2022,James Carter,Ohio,Columbus
B-26041," $9,498.00 ", $256.00 ,12,Electronics,Phones,COD,22-02-2021,22,2,2021,Matthew James,Illinois,Peoria
B-26980," $9,752.00 "," $3,618.00 ",5,Furniture,Bookcases,Debit Card,21-02-2024,21,2,2024,Mary Johnson,New York,Rochester
B-26885," $9,024.00 ", $730.00 ,4,Furniture,Tables,Credit Card,20-02-2024,20,2,2024,Peter Castro,Texas,Dallas
B-26885," $2,468.00 ", $418.00 ,4,Electronics,Laptops,Credit Card,20-02-2024,20,2,2024,Peter Castro,Texas,Dallas
B-25919," $2,140.00 ", $970.00 ,4,Office Supplies,Paper,Credit Card,20-02-2025,20,2,2025,Rebekah Carter,Florida,Orlando
B-25919," $2,670.00 "," $1,026.00 ",1,Electronics,Laptops,Debit Card,20-02-2025,20,2,2025,Rebekah Carter,Florida,Orlando
B-26999," $3,756.00 "," $1,318.00 ",5,Furniture,Tables,UPI,19-02-2024,19,2,2024,Edward Valencia,Florida,Miami
B-26792," $3,288.00 "," $1,477.00 ",3,Office Supplies,Pens,EMI,19-02-2022,19,2,2022,Alejandro Williams,Illinois,Springfield
B-25714," $6,962.00 "," $3,429.00 ",12,Electronics,Electronic Games,UPI,19-02-2025,19,2,2025,Joyce Good MD,Florida,Miami
B-26659, $526.00 , $83.00 ,4,Furniture,Sofas,Credit Card,18-02-2022,18,2,2022,Samuel Little MD,Illinois,Chicago
B-26654," $7,838.00 "," $1,142.00 ",13,Electronics,Phones,UPI,18-02-2021,18,2,2021,Mrs. Jennifer Lewis,California,San Francisco
B-26654," $9,300.00 "," $3,146.00 ",6,Electronics,Phones,Credit Card,18-02-2021,18,2,2021,Mrs. Jennifer Lewis,California,San Francisco
B-26654," $1,733.00 ", $133.00 ,17,Office Supplies,Paper,Debit Card,18-02-2021,18,2,2021,Mrs. Jennifer Lewis,California,San Francisco
B-26288," $5,344.00 "," $2,607.00 ",6,Office Supplies,Paper,Debit Card,18-02-2025,18,2,2025,Mr. Nathaniel Reeves,New York,Rochester
B-26279," $3,747.00 ", $410.00 ,5,Office Supplies,Markers,Credit Card,17-02-2023,17,2,2023,Jason Brown,Illinois,Chicago
B-26279," $3,194.00 ", $534.00 ,4,Office Supplies,Binders,UPI,17-02-2023,17,2,2023,Jason Brown,Illinois,Chicago
B-25925," $3,022.00 ", $384.00 ,1,Office Supplies,Pens,Credit Card,17-02-2021,17,2,2021,James Hart,Illinois,Chicago
B-25925," $5,266.00 "," $1,111.00 ",13,Electronics,Electronic Games,Debit Card,17-02-2021,17,2,2021,James Hart,Illinois,Chicago
B-26564," $7,909.00 "," $1,942.00 ",19,Electronics,Phones,COD,16-02-2024,16,2,2024,Daryl Miles,Florida,Orlando
B-26564," $1,297.00 ", $600.00 ,7,Office Supplies,Binders,Credit Card,16-02-2024,16,2,2024,Daryl Miles,Florida,Orlando
B-25369," $1,579.00 ", $602.00 ,9,Electronics,Laptops,Credit Card,16-02-2025,16,2,2025,Thomas Wallace,Texas,Dallas
B-25369," $3,760.00 "," $1,849.00 ",19,Furniture,Chairs,EMI,16-02-2025,16,2,2025,Thomas Wallace,Texas,Dallas
B-25955, $655.00 , $297.00 ,4,Office Supplies,Markers,Debit Card,15-02-2022,15,2,2022,Alexander Adams,New York,Buffalo
B-25940," $7,566.00 ", $606.00 ,6,Electronics,Phones,Debit Card,14-02-2025,14,2,2025,David Lara,California,San Diego
B-25790," $2,792.00 "," $1,008.00 ",8,Electronics,Printers,COD,14-02-2021,14,2,2021,Justin Rosales,Florida,Miami
B-26661," $2,386.00 ", $999.00 ,3,Office Supplies,Pens,COD,13-02-2024,13,2,2024,Jason Norman,Florida,Miami
B-26405," $7,497.00 ", $319.00 ,18,Furniture,Chairs,COD,12-02-2024,12,2,2024,Christopher Brooks,Illinois,Peoria
B-25232," $7,792.00 "," $1,403.00 ",13,Office Supplies,Paper,UPI,12-02-2021,12,2,2021,Darren Moore,Illinois,Peoria
B-25232," $2,346.00 ", $388.00 ,14,Furniture,Chairs,Debit Card,12-02-2021,12,2,2021,Darren Moore,Illinois,Peoria
B-26643," $5,832.00 "," $2,588.00 ",10,Electronics,Printers,COD,11-02-2022,11,2,2022,John Williams,Florida,Miami
B-26643," $7,306.00 "," $1,547.00 ",3,Office Supplies,Paper,COD,11-02-2022,11,2,2022,John Williams,Florida,Miami
B-26643," $7,344.00 "," $2,251.00 ",7,Electronics,Electronic Games,Debit Card,11-02-2022,11,2,2022,John Williams,Florida,Miami
B-26510," $1,629.00 ", $265.00 ,1,Office Supplies,Paper,UPI,11-02-2025,11,2,2025,Douglas Pennington,Texas,Dallas
B-25456," $5,632.00 "," $2,358.00 ",20,Furniture,Sofas,Credit Card,11-02-2024,11,2,2024,Stephanie Sanchez,Florida,Miami
B-25444," $7,626.00 ", $229.00 ,5,Office Supplies,Pens,EMI,11-02-2024,11,2,2024,Jessica Hunt,Illinois,Springfield
B-26009," $8,945.00 "," $1,728.00 ",10,Furniture,Tables,UPI,10-02-2021,10,2,2021,Sara Garcia,Illinois,Peoria
B-25064," $4,628.00 "," $1,491.00 ",17,Electronics,Electronic Games,UPI,10-02-2022,10,2,2022,Kimberly Johnson,New York,Buffalo
B-25064," $6,109.00 "," $3,040.00 ",9,Furniture,Chairs,EMI,10-02-2022,10,2,2022,Kimberly Johnson,New York,Buffalo
B-25011," $3,913.00 ", $961.00 ,15,Furniture,Sofas,UPI,10-02-2024,10,2,2024,Eric Bates,Ohio,Columbus
B-26906," $3,665.00 ", $802.00 ,4,Office Supplies,Markers,Credit Card,09-02-2025,9,2,2025,Cathy Clark,Florida,Tampa
B-26489," $6,223.00 "," $1,478.00 ",3,Furniture,Sofas,Debit Card,09-02-2021,9,2,2021,Michelle Bailey,Texas,Dallas
B-26489," $3,297.00 ", $102.00 ,12,Electronics,Phones,Credit Card,09-02-2021,9,2,2021,Michelle Bailey,Texas,Dallas
B-26489," $2,791.00 ", $894.00 ,14,Electronics,Laptops,COD,09-02-2021,9,2,2021,Michelle Bailey,Texas,Dallas
B-26489," $8,943.00 "," $3,121.00 ",17,Furniture,Chairs,Debit Card,09-02-2021,9,2,2021,Michelle Bailey,Texas,Dallas
B-26393," $2,258.00 ", $135.00 ,18,Electronics,Printers,Credit Card,07-02-2024,7,2,2024,Ashley Palmer,Florida,Miami
B-25548," $8,851.00 ", $999.00 ,12,Electronics,Laptops,UPI,07-02-2024,7,2,2024,Joseph Wilson,Ohio,Cincinnati
B-26552," $2,804.00 ", $936.00 ,10,Electronics,Electronic Games,Credit Card,06-02-2022,6,2,2022,Olivia Orozco,Texas,Austin
B-25011," $3,913.00 ", $961.00 ,15,Furniture,Sofas,UPI,06-02-2021,6,2,2021,Steven Keith,California,San Francisco
B-25566," $3,877.00 ", $481.00 ,16,Furniture,Chairs,Debit Card,04-02-2022,4,2,2022,Susan Valdez,New York,New York City
B-25456," $5,632.00 "," $2,358.00 ",20,Furniture,Sofas,Credit Card,04-02-2025,4,2,2025,Reginald Espinoza,Ohio,Cleveland
B-25388," $5,047.00 "," $2,211.00 ",13,Furniture,Sofas,EMI,04-02-2021,4,2,2021,Sara Castro,Illinois,Chicago
B-26464," $8,797.00 "," $1,010.00 ",8,Furniture,Tables,UPI,03-02-2022,3,2,2022,Zachary Perez,Texas,Austin
B-26464," $5,704.00 ", $714.00 ,13,Electronics,Laptops,EMI,03-02-2022,3,2,2022,Zachary Perez,Texas,Austin
B-26464," $9,236.00 "," $2,899.00 ",5,Electronics,Laptops,Debit Card,03-02-2022,3,2,2022,Zachary Perez,Texas,Austin
B-26353," $6,304.00 ", $766.00 ,14,Furniture,Tables,EMI,03-02-2023,3,2,2023,Samuel Moore,Ohio,Columbus
B-26353," $5,317.00 "," $1,345.00 ",18,Furniture,Chairs,Debit Card,03-02-2023,3,2,2023,Samuel Moore,Ohio,Columbus
B-26232," $5,219.00 "," $1,180.00 ",20,Office Supplies,Binders,COD,03-02-2023,3,2,2023,Jacqueline Harris,California,San Francisco
B-26029," $4,918.00 "," $1,485.00 ",7,Electronics,Phones,UPI,02-02-2023,2,2,2023,Anthony May,Florida,Tampa
B-25957," $4,470.00 ", $413.00 ,13,Electronics,Laptops,UPI,02-02-2025,2,2,2025,Michael Chambers,California,Los Angeles
B-25486," $4,215.00 ", $432.00 ,14,Furniture,Chairs,Debit Card,02-02-2024,2,2,2024,Melissa Wise,Ohio,Columbus
B-25463," $3,137.00 ", $571.00 ,9,Office Supplies,Pens,Debit Card,02-02-2025,2,2,2025,Tina Davies,Illinois,Chicago
B-26623," $6,195.00 "," $1,556.00 ",18,Furniture,Sofas,EMI,01-02-2025,1,2,2025,Cindy Rowland,Illinois,Springfield
B-25915," $3,433.00 "," $1,169.00 ",10,Office Supplies,Binders,COD,01-02-2024,1,2,2024,Adam Clark,California,San Francisco
B-25915," $3,887.00 "," $1,490.00 ",1,Office Supplies,Binders,Debit Card,01-02-2024,1,2,2024,Adam Clark,California,San Francisco
B-26864," $2,539.00 ", $324.00 ,5,Electronics,Electronic Games,UPI,30-01-2021,30,1,2021,Collin Cameron,California,San Francisco
B-26740," $9,369.00 "," $3,297.00 ",6,Electronics,Printers,Debit Card,30-01-2025,30,1,2025,Logan Galloway,New York,New York City
B-26740," $8,680.00 "," $4,068.00 ",20,Electronics,Printers,Credit Card,30-01-2025,30,1,2025,Logan Galloway,New York,New York City
B-26740," $3,067.00 "," $1,475.00 ",8,Electronics,Laptops,UPI,30-01-2025,30,1,2025,Logan Galloway,New York,New York City
B-25511," $8,521.00 "," $2,584.00 ",7,Office Supplies,Paper,COD,29-01-2025,29,1,2025,Samuel Hayes,Illinois,Peoria
B-25511," $9,707.00 "," $3,483.00 ",10,Electronics,Electronic Games,EMI,29-01-2025,29,1,2025,Samuel Hayes,Illinois,Peoria
B-25112," $7,421.00 ", $958.00 ,10,Furniture,Tables,COD,29-01-2023,29,1,2023,Tyler Thompson,Texas,Dallas
B-26312," $1,760.00 ", $619.00 ,16,Furniture,Sofas,Debit Card,28-01-2023,28,1,2023,Becky Hodges,Texas,Houston
B-26312," $6,351.00 ", $986.00 ,15,Electronics,Printers,UPI,28-01-2023,28,1,2023,Becky Hodges,Texas,Houston
B-25295," $2,025.00 ", $528.00 ,1,Office Supplies,Pens,Credit Card,28-01-2024,28,1,2024,Paul Rogers,Florida,Miami
B-25295," $6,800.00 ", $167.00 ,16,Office Supplies,Binders,EMI,28-01-2024,28,1,2024,Paul Rogers,Florida,Miami
B-25454," $5,666.00 "," $2,733.00 ",17,Electronics,Electronic Games,Credit Card,27-01-2025,27,1,2025,Vanessa Deleon,Florida,Tampa
B-25298," $8,104.00 "," $1,039.00 ",6,Office Supplies,Markers,COD,27-01-2025,27,1,2025,Christina Oconnell,California,San Francisco
B-25532," $3,661.00 ", $436.00 ,13,Furniture,Sofas,EMI,26-01-2023,26,1,2023,Brian Young,Texas,Austin
B-26735," $2,078.00 ", $612.00 ,6,Electronics,Laptops,COD,25-01-2022,25,1,2022,Bruce Dennis,Texas,Austin
B-25940," $7,566.00 ", $606.00 ,6,Electronics,Phones,Debit Card,25-01-2025,25,1,2025,Ryan Foster,Ohio,Columbus
B-26137," $3,423.00 ", $804.00 ,4,Electronics,Printers,Credit Card,24-01-2024,24,1,2024,Amy Williams,Texas,Austin
B-26703," $4,206.00 "," $1,821.00 ",17,Electronics,Electronic Games,EMI,23-01-2022,23,1,2022,Juan Erickson,Texas,Austin
B-26510," $1,629.00 ", $265.00 ,1,Office Supplies,Paper,UPI,23-01-2024,23,1,2024,Ricardo Andrews,California,San Diego
B-25437," $4,688.00 "," $1,841.00 ",3,Electronics,Laptops,Credit Card,23-01-2023,23,1,2023,Justin Thomas,California,San Francisco
B-26224," $5,564.00 ", $175.00 ,11,Electronics,Laptops,COD,22-01-2023,22,1,2023,Mitchell Lester,Illinois,Chicago
B-26224," $3,953.00 "," $1,776.00 ",15,Electronics,Electronic Games,UPI,22-01-2023,22,1,2023,Mitchell Lester,Illinois,Chicago
B-25842," $1,248.00 ", $584.00 ,13,Office Supplies,Pens,EMI,22-01-2024,22,1,2024,Christina Conner,Ohio,Columbus
B-25842, $514.00 , $109.00 ,15,Office Supplies,Paper,Debit Card,22-01-2024,22,1,2024,Christina Conner,Ohio,Columbus
B-25842," $3,669.00 ", $154.00 ,14,Office Supplies,Markers,EMI,22-01-2024,22,1,2024,Christina Conner,Ohio,Columbus
B-26069," $3,577.00 ", $699.00 ,2,Furniture,Tables,UPI,21-01-2021,21,1,2021,Stephen Baker,Ohio,Columbus
B-26069, $838.00 , $271.00 ,11,Office Supplies,Markers,EMI,21-01-2021,21,1,2021,Stephen Baker,Ohio,Columbus
B-26894," $8,769.00 "," $3,178.00 ",16,Office Supplies,Markers,Debit Card,20-01-2023,20,1,2023,Adam James,Illinois,Chicago
B-26296," $7,644.00 "," $2,428.00 ",6,Electronics,Phones,Debit Card,20-01-2022,20,1,2022,Aaron Dunn,Illinois,Springfield
B-25777," $6,236.00 "," $2,839.00 ",7,Electronics,Printers,Credit Card,20-01-2022,20,1,2022,Eric Adams,Illinois,Springfield
B-26112," $1,476.00 ", $247.00 ,5,Furniture,Bookcases,COD,19-01-2022,19,1,2022,Raymond Burgess,California,San Diego
B-25841, $782.00 , $374.00 ,8,Office Supplies,Pens,EMI,19-01-2021,19,1,2021,Jacob Meyer,Illinois,Peoria
B-25841," $4,371.00 "," $1,852.00 ",1,Electronics,Laptops,UPI,19-01-2021,19,1,2021,Jacob Meyer,Illinois,Peoria
B-25232," $7,792.00 "," $1,403.00 ",13,Office Supplies,Paper,UPI,19-01-2024,19,1,2024,Kristy Hernandez,California,San Diego
B-25232," $2,346.00 ", $388.00 ,14,Furniture,Chairs,Debit Card,19-01-2024,19,1,2024,Kristy Hernandez,California,San Diego
B-26965," $1,592.00 ", $480.00 ,13,Electronics,Laptops,Debit Card,18-01-2022,18,1,2022,Jordan Krause,Ohio,Cleveland
B-26734, $847.00 , $355.00 ,17,Furniture,Tables,COD,18-01-2023,18,1,2023,Shawn Wise,California,San Francisco
B-25996, $714.00 , $232.00 ,14,Furniture,Tables,UPI,18-01-2023,18,1,2023,Brandon Alvarado,Ohio,Columbus
B-25763," $2,349.00 ", $319.00 ,4,Office Supplies,Pens,UPI,18-01-2022,18,1,2022,Clayton Lara,Florida,Miami
B-25763," $7,377.00 "," $2,049.00 ",4,Office Supplies,Markers,UPI,18-01-2022,18,1,2022,Clayton Lara,Florida,Miami
B-25763," $8,220.00 "," $3,882.00 ",14,Furniture,Chairs,UPI,18-01-2022,18,1,2022,Clayton Lara,Florida,Miami
B-25763," $2,379.00 ", $279.00 ,7,Furniture,Chairs,Debit Card,18-01-2022,18,1,2022,Clayton Lara,Florida,Miami
B-25038, $738.00 , $342.00 ,2,Furniture,Chairs,Debit Card,18-01-2022,18,1,2022,Pamela Jones,New York,New York City
B-26453," $1,231.00 ", $214.00 ,20,Electronics,Laptops,Debit Card,17-01-2023,17,1,2023,Courtney Williams,Ohio,Columbus
B-26083," $3,265.00 "," $1,390.00 ",16,Office Supplies,Paper,Credit Card,17-01-2024,17,1,2024,Bethany Harrison,California,Los Angeles
B-25228," $6,061.00 "," $2,121.00 ",19,Electronics,Laptops,EMI,17-01-2022,17,1,2022,Dr. Thomas Peterson,California,San Diego
B-26121," $1,126.00 ", $55.00 ,1,Furniture,Bookcases,UPI,16-01-2022,16,1,2022,Jon Banks,Florida,Tampa
B-25112," $7,421.00 ", $958.00 ,10,Furniture,Tables,COD,16-01-2022,16,1,2022,Melissa Morales,Texas,Houston
B-26457," $5,376.00 "," $1,928.00 ",7,Furniture,Tables,Credit Card,15-01-2025,15,1,2025,Mario Hall,New York,New York City
B-26116," $6,389.00 ", $734.00 ,1,Furniture,Sofas,EMI,15-01-2022,15,1,2022,Jeremy Jackson,Texas,Dallas
B-25394," $3,686.00 ", $760.00 ,20,Office Supplies,Pens,Debit Card,15-01-2022,15,1,2022,Richard Wolfe,Ohio,Columbus
B-25223," $2,521.00 ", $906.00 ,7,Electronics,Phones,COD,15-01-2022,15,1,2022,Heidi Davis,New York,Buffalo
B-25223," $3,099.00 ", $479.00 ,1,Office Supplies,Paper,COD,15-01-2022,15,1,2022,Heidi Davis,New York,Buffalo
B-25024," $9,002.00 "," $4,197.00 ",2,Office Supplies,Markers,EMI,15-01-2025,15,1,2025,Christopher Stone,Ohio,Cincinnati
B-26964," $3,522.00 ", $898.00 ,15,Office Supplies,Pens,Credit Card,14-01-2022,14,1,2022,Abigail Brown,California,Los Angeles
B-26168," $8,848.00 "," $2,090.00 ",9,Office Supplies,Pens,Debit Card,14-01-2025,14,1,2025,Jerry Smith,California,San Diego
B-25744," $3,936.00 "," $1,626.00 ",14,Office Supplies,Paper,COD,14-01-2022,14,1,2022,Sherry Tran,New York,Buffalo
B-25744," $1,689.00 ", $109.00 ,9,Electronics,Electronic Games,UPI,14-01-2022,14,1,2022,Sherry Tran,New York,Buffalo
B-25744," $8,438.00 "," $3,427.00 ",12,Office Supplies,Binders,Credit Card,14-01-2022,14,1,2022,Sherry Tran,New York,Buffalo
B-26872, $992.00 , $177.00 ,6,Electronics,Phones,UPI,13-01-2024,13,1,2024,Scott Gibbs,California,Los Angeles
B-26872," $4,699.00 ", $625.00 ,18,Office Supplies,Markers,EMI,13-01-2024,13,1,2024,Scott Gibbs,California,Los Angeles
B-25738," $9,909.00 "," $2,999.00 ",18,Office Supplies,Markers,COD,13-01-2022,13,1,2022,Teresa Perez,Texas,Austin
B-26383," $7,967.00 "," $2,504.00 ",13,Electronics,Printers,EMI,12-01-2023,12,1,2023,Brittany Jenkins,New York,Buffalo
B-26383, $798.00 , $308.00 ,10,Electronics,Phones,Debit Card,12-01-2023,12,1,2023,Brittany Jenkins,New York,Buffalo
B-25925," $3,022.00 ", $384.00 ,1,Office Supplies,Pens,Credit Card,11-01-2022,11,1,2022,Ronald Mckinney,Texas,Austin
B-25925," $5,266.00 "," $1,111.00 ",13,Electronics,Electronic Games,Debit Card,11-01-2022,11,1,2022,Ronald Mckinney,Texas,Austin
B-25849," $6,934.00 "," $1,152.00 ",6,Office Supplies,Pens,Credit Card,11-01-2023,11,1,2023,Sheri Berg,California,Los Angeles
B-25849," $2,901.00 "," $1,411.00 ",2,Office Supplies,Paper,Debit Card,11-01-2023,11,1,2023,Sheri Berg,California,Los Angeles
B-25163," $3,411.00 "," $1,704.00 ",14,Office Supplies,Pens,UPI,11-01-2025,11,1,2025,Douglas Reynolds,California,Los Angeles
B-25398," $9,215.00 ", $767.00 ,13,Electronics,Printers,COD,10-01-2022,10,1,2022,Sandra Perkins,Florida,Tampa
B-25364," $8,649.00 "," $2,631.00 ",13,Electronics,Laptops,EMI,10-01-2024,10,1,2024,Alisha Saunders,California,San Francisco
B-26912," $8,752.00 "," $1,686.00 ",9,Furniture,Tables,Debit Card,08-01-2022,8,1,2022,Michelle Sullivan,Illinois,Chicago
B-26765, $762.00 , $92.00 ,11,Electronics,Printers,COD,06-01-2023,6,1,2023,Jonathan Young,Illinois,Springfield
B-26420," $4,897.00 "," $1,001.00 ",14,Furniture,Sofas,Debit Card,06-01-2025,6,1,2025,Christopher Walker,Ohio,Cincinnati
B-25400," $7,759.00 "," $3,741.00 ",17,Electronics,Printers,UPI,06-01-2025,6,1,2025,Nicholas Johnson,Texas,Dallas
B-25400," $7,521.00 "," $3,457.00 ",16,Office Supplies,Markers,Debit Card,06-01-2025,6,1,2025,Nicholas Johnson,Texas,Dallas
B-26904, $594.00 , $67.00 ,19,Office Supplies,Paper,Debit Card,05-01-2024,5,1,2024,Terry Gilbert,Florida,Miami
B-25730," $2,863.00 ", $205.00 ,17,Electronics,Phones,UPI,05-01-2022,5,1,2022,Justin Rodriguez,Ohio,Cleveland
B-25730," $8,293.00 "," $2,632.00 ",8,Office Supplies,Binders,COD,05-01-2022,5,1,2022,Justin Rodriguez,Ohio,Cleveland
B-25383," $5,410.00 "," $2,456.00 ",8,Furniture,Chairs,Credit Card,04-01-2022,4,1,2022,Ashley Freeman,Florida,Tampa
B-25159," $5,338.00 "," $1,354.00 ",16,Office Supplies,Markers,UPI,04-01-2021,4,1,2021,Marie James,New York,Buffalo
B-26804, $914.00 , $400.00 ,8,Office Supplies,Pens,Debit Card,03-01-2021,3,1,2021,Morgan Sellers,California,Los Angeles
B-26804," $1,548.00 ", $666.00 ,3,Office Supplies,Paper,Credit Card,03-01-2021,3,1,2021,Morgan Sellers,California,Los Angeles
B-25713," $2,280.00 ", $509.00 ,8,Electronics,Phones,Credit Card,03-01-2021,3,1,2021,Peggy Campos,New York,Buffalo
B-25329," $5,412.00 "," $1,192.00 ",18,Furniture,Tables,Credit Card,03-01-2025,3,1,2025,Gregory English,California,Los Angeles
B-26428, $706.00 , $197.00 ,11,Electronics,Laptops,Credit Card,02-01-2022,2,1,2022,Brandon Anderson,Texas,Austin
